Sex,Equipment,AgeCat,WtCat,Place,BestSquat,BestBench,BestDeadlift
0,0,0,53,1,157.5,87.5,191.0
0,0,0,53,2,152.5,85.0,187.5
0,0,0,53,3,142.5,90.0,182.5
0,0,0,53,4,140.0,92.5,170.0
0,0,0,53,5,125.0,97.5,172.5
0,0,0,53,6,130.0,80.0,180.0
0,0,0,53,7,140.0,80.0,140.0
0,0,0,53,8,125.0,75.0,147.5
0,0,0,53,9,110.0,95.5,135.0
0,0,0,53,10,115.0,75.0,150.0
0,0,0,53,11,110.0,82.5,135.0
0,0,0,53,12,115.0,55.0,145.0
0,0,0,53,13,105.0,70.0,120.0
0,0,0,53,14,85.0,55.0,130.0
0,0,0,53,15,82.5,70.0,117.5
0,0,0,59,1,172.5,110.0,212.5
0,0,0,59,2,170.0,100.0,210.0
0,0,0,59,3,160.0,92.5,185.0
0,0,0,59,4,145.0,100.0,180.0
0,0,0,59,5,132.5,82.5,202.5
0,0,0,59,6,150.0,87.5,180.0
0,0,0,59,7,145.0,85.0,180.0
0,0,0,59,8,135.0,75.0,180.0
0,0,0,59,9,117.5,77.5,192.5
0,0,0,59,10,145.0,82.5,145.0
0,0,0,59,11,120.0,62.5,180.0
0,0,0,59,12,115.0,70.0,155.0
0,0,0,66,1,175.0,115.0,222.5
0,0,0,66,2,185.0,127.5,185.0
0,0,0,66,3,170.0,112.5,210.0
0,0,0,66,4,185.0,102.5,197.5
0,0,0,66,5,155.0,100.0,222.5
0,0,0,66,6,175.0,92.5,197.5
0,0,0,66,7,150.0,97.5,205.0
0,0,0,66,8,152.5,97.5,192.5
0,0,0,66,9,170.0,92.5,180.0
0,0,0,66,10,150.0,90.0,175.0
0,0,0,66,11,142.5,85.0,177.5
0,0,0,66,12,140.0,90.0,170.0
0,0,0,66,13,130.0,85.0,180.0
0,0,0,66,14,135.0,72.5,150.0
0,0,0,66,15,122.5,67.5,162.5
0,0,0,74,1,192.5,137.5,235.0
0,0,0,74,2,212.5,107.5,227.5
0,0,0,74,3,212.5,105.0,222.5
0,0,0,74,4,202.5,107.5,205.0
0,0,0,74,5,185.0,100.0,215.0
0,0,0,74,6,180.0,110.0,205.0
0,0,0,74,7,182.5,97.5,210.0
0,0,0,74,8,170.0,105.0,205.0
0,0,0,74,9,177.5,105.0,195.0
0,0,0,74,10,157.5,112.5,202.5
0,0,0,74,11,167.5,92.5,210.0
0,0,0,74,12,155.0,105.0,210.0
0,0,0,74,13,170.0,100.0,195.0
0,0,0,74,14,157.5,90.0,215.0
0,0,0,74,15,157.5,122.5,180.0
0,0,0,74,16,167.5,82.5,205.0
0,0,0,74,17,167.5,80.0,195.0
0,0,0,74,18,160.0,80.0,170.0
0,0,0,74,19,130.0,95.0,185.0
0,0,0,74,20,125.0,72.5,150.0
0,0,0,74,21,110.0,45.0,120.0
0,0,0,83,1,227.5,115.0,257.5
0,0,0,83,2,180.0,117.5,272.5
0,0,0,83,3,192.5,117.5,215.0
0,0,0,83,4,205.0,117.5,200.0
0,0,0,83,5,180.0,142.5,195.0
0,0,0,83,6,185.0,110.0,210.0
0,0,0,83,7,177.5,110.0,215.0
0,0,0,83,8,175.0,90.0,232.5
0,0,0,83,9,185.0,80.0,220.0
0,0,0,83,10,165.0,90.0,200.0
0,0,0,93,1,217.5,127.5,263.0
0,0,0,93,2,212.5,120.0,212.5
0,0,0,93,3,217.5,110.0,210.0
0,0,0,93,4,192.5,117.5,215.0
0,0,0,93,5,215.0,95.0,215.0
0,0,0,93,6,182.5,135.0,205.0
0,0,0,93,7,170.0,107.5,215.0
0,0,0,93,8,190.0,100.0,200.0
0,0,0,93,9,170.0,115.0,185.0
0,0,0,93,10,177.5,102.5,190.0
0,0,0,93,11,172.5,117.5,165.0
0,0,0,93,12,160.0,117.5,120.0
0,0,0,93,13,127.5,75.0,187.5
0,0,0,93,14,150.0,55.0,165.0
0,0,0,105,1,210.0,162.5,230.0
0,0,0,105,2,210.0,127.5,247.5
0,0,0,105,3,227.5,125.0,230.0
0,0,0,105,4,200.0,120.0,235.0
0,0,0,105,5,190.0,130.0,215.0
0,0,0,105,6,195.0,110.0,230.0
0,0,0,105,7,175.0,130.0,230.0
0,0,0,105,8,197.5,100.0,212.5
0,0,0,105,9,185.0,110.0,215.0
0,0,0,105,10,192.5,120.0,190.0
0,0,0,105,11,165.0,97.5,190.0
0,0,0,105,12,150.0,95.0,165.0
0,0,0,105,13,152.5,75.0,150.0
0,0,0,105,14,97.5,62.5,125.0
0,0,0,120,1,240.0,135.0,260.0
0,0,0,120,2,227.5,145.0,250.0
0,0,0,120,3,180.0,110.0,190.0
0,0,0,120,4,170.0,112.5,172.5
0,0,0,120,5,170.0,80.0,187.5
0,0,0,200,1,250.0,135.0,255.0
0,0,0,200,2,230.0,147.5,245.0
0,0,0,200,3,160.0,85.0,180.0
0,0,1,53,1,163.0,110.0,180.0
0,0,1,53,2,147.5,105.0,172.5
0,0,1,53,3,147.5,85.0,182.5
0,0,1,53,4,142.5,92.5,177.5
0,0,1,53,5,137.5,90.0,182.5
0,0,1,53,6,132.5,82.5,190.0
0,0,1,53,7,135.0,90.0,180.0
0,0,1,53,8,147.5,80.0,172.5
0,0,1,53,9,132.5,87.5,155.0
0,0,1,53,10,105.0,60.0,155.0
0,0,1,59,1,191.0,95.0,237.5
0,0,1,59,2,187.5,97.5,231.5
0,0,1,59,3,175.0,112.5,220.0
0,0,1,59,4,175.0,115.0,215.0
0,0,1,59,5,170.0,112.5,222.5
0,0,1,59,6,175.0,115.0,207.5
0,0,1,59,7,180.0,87.5,225.0
0,0,1,59,8,170.0,102.5,215.0
0,0,1,59,9,170.0,82.5,227.5
0,0,1,59,10,167.5,105.0,185.0
0,0,1,59,11,160.0,87.5,200.0
0,0,1,59,12,155.0,112.5,175.0
0,0,1,59,13,155.0,95.0,180.0
0,0,1,59,14,150.0,100.0,180.0
0,0,1,59,15,147.5,85.0,175.0
0,0,1,59,16,140.0,60.0,200.0
0,0,1,59,17,130.0,65.0,140.0
0,0,1,66,1,230.0,122.5,245.0
0,0,1,66,2,217.5,120.0,242.5
0,0,1,66,3,207.5,122.5,237.5
0,0,1,66,4,190.0,140.0,235.0
0,0,1,66,5,195.0,132.5,225.0
0,0,1,66,6,200.0,137.5,215.0
0,0,1,66,7,200.0,115.0,235.0
0,0,1,66,8,180.0,135.0,225.0
0,0,1,66,9,185.0,120.0,215.0
0,0,1,66,10,190.0,110.0,215.0
0,0,1,66,11,195.0,117.5,200.0
0,0,1,66,12,180.0,80.0,245.0
0,0,1,66,13,175.0,102.5,215.0
0,0,1,66,14,170.0,95.0,215.0
0,0,1,66,15,145.0,90.0,200.0
0,0,1,66,16,150.0,105.0,180.0
0,0,1,74,1,255.0,142.5,282.5
0,0,1,74,2,215.0,135.0,237.5
0,0,1,74,3,220.0,135.0,230.0
0,0,1,74,4,210.0,135.0,210.0
0,0,1,74,5,217.5,122.5,212.5
0,0,1,74,6,210.0,120.0,217.5
0,0,1,74,7,190.0,117.5,230.0
0,0,1,74,8,200.0,102.5,235.0
0,0,1,74,9,190.0,122.5,220.0
0,0,1,74,10,170.0,117.5,240.0
0,0,1,74,11,172.5,122.5,195.0
0,0,1,74,12,170.0,85.0,230.0
0,0,1,74,13,140.0,95.0,190.0
0,0,1,83,1,247.5,162.5,260.0
0,0,1,83,2,240.0,137.5,270.0
0,0,1,83,3,225.0,160.0,250.0
0,0,1,83,4,232.5,115.0,270.0
0,0,1,83,5,205.0,147.5,255.0
0,0,1,83,6,222.5,120.0,257.5
0,0,1,83,7,217.5,132.5,250.0
0,0,1,83,8,200.0,165.0,207.5
0,0,1,83,9,205.0,102.5,230.0
0,0,1,83,10,180.0,80.0,240.0
0,0,1,83,11,157.5,85.0,175.0
0,0,1,83,12,130.0,82.5,160.0
0,0,1,93,1,272.5,172.5,272.5
0,0,1,93,2,240.0,147.5,315.0
0,0,1,93,3,240.0,142.5,262.5
0,0,1,93,4,250.0,127.5,260.0
0,0,1,93,5,235.0,165.0,230.0
0,0,1,93,6,220.0,127.5,280.0
0,0,1,93,7,207.5,155.0,247.5
0,0,1,93,8,240.0,120.0,250.0
0,0,1,93,9,250.0,137.5,217.5
0,0,1,93,10,220.0,132.5,245.0
0,0,1,93,11,217.5,122.5,247.5
0,0,1,93,12,210.0,120.0,250.0
0,0,1,93,13,212.5,137.5,222.5
0,0,1,93,14,200.0,125.0,245.0
0,0,1,93,15,195.0,115.0,255.0
0,0,1,93,16,170.0,95.0,220.0
0,0,1,93,17,177.5,110.0,195.0
0,0,1,105,1,280.0,135.0,270.0
0,0,1,105,2,270.0,145.0,255.0
0,0,1,105,3,250.0,140.0,277.5
0,0,1,105,4,235.0,150.0,272.5
0,0,1,105,5,237.5,137.5,270.0
0,0,1,105,6,230.0,135.0,280.0
0,0,1,105,7,225.0,152.5,262.5
0,0,1,105,8,227.5,137.5,272.5
0,0,1,105,9,235.0,125.0,240.0
0,0,1,105,10,242.5,122.5,235.0
0,0,1,105,11,227.5,157.5,210.0
0,0,1,105,12,212.5,127.5,252.5
0,0,1,105,13,210.0,130.0,225.0
0,0,1,105,14,205.0,130.0,220.0
0,0,1,105,15,195.0,117.5,215.0
0,0,1,105,16,210.0,107.5,200.0
0,0,1,105,17,165.0,100.0,187.5
0,0,1,120,1,270.0,173.0,287.5
0,0,1,120,2,262.5,157.5,242.5
0,0,1,120,3,235.0,147.5,260.0
0,0,1,120,4,225.0,147.5,245.0
0,0,1,120,5,237.5,117.5,262.5
0,0,1,120,6,225.0,137.5,252.5
0,0,1,120,7,235.0,137.5,235.0
0,0,1,120,8,250.0,130.0,222.5
0,0,1,120,9,225.0,127.5,245.0
0,0,1,120,10,240.0,120.0,230.0
0,0,1,120,11,215.0,100.0,220.0
0,0,1,120,12,190.0,132.5,205.0
0,0,1,120,13,210.0,110.0,187.5
0,0,1,120,14,200.0,95.0,212.5
0,0,1,200,1,255.0,145.0,252.5
0,0,1,200,2,242.5,142.5,245.0
0,0,1,200,3,250.0,152.5,222.5
0,0,1,200,4,227.5,137.5,250.0
0,0,1,200,5,217.5,130.0,250.0
0,0,1,200,6,242.5,135.0,210.0
0,0,1,200,7,220.0,127.5,205.0
0,0,1,200,8,242.5,110.0,180.0
0,0,1,200,9,190.0,120.0,220.0
0,0,1,200,10,190.0,105.0,205.0
0,0,1,200,11,175.0,95.0,170.0
0,0,1,200,12,132.5,70.0,157.5
1,0,0,43,1,70.0,47.5,107.5
1,0,0,43,2,80.0,37.5,100.0
1,0,0,43,3,75.0,42.5,100.0
1,0,0,43,4,72.5,40.0,95.0
1,0,0,43,5,55.0,27.5,72.5
1,0,0,43,6,50.0,25.0,65.0
1,0,0,47,1,87.5,42.5,115.0
1,0,0,47,2,90.0,42.5,100.0
1,0,0,47,3,80.0,42.5,107.5
1,0,0,47,4,80.0,30.0,100.0
1,0,0,47,5,82.5,25.0,100.0
1,0,0,47,6,77.5,35.0,95.0
1,0,0,47,7,70.0,30.0,105.0
1,0,0,47,8,67.5,30.0,85.0
1,0,0,52,1,115.0,62.5,132.5
1,0,0,52,2,87.5,57.5,122.5
1,0,0,52,3,95.0,52.5,110.0
1,0,0,52,4,80.0,55.0,115.0
1,0,0,52,5,87.5,45.0,112.5
1,0,0,52,6,92.5,35.0,112.5
1,0,0,52,7,72.5,37.5,102.5
1,0,0,52,8,75.0,30.0,92.5
1,0,0,52,9,55.0,27.5,85.0
1,0,0,52,10,45.0,25.0,85.0
1,0,0,57,1,105.0,55.0,145.0
1,0,0,57,2,102.5,55.0,130.0
1,0,0,57,3,92.5,52.5,122.5
1,0,0,57,4,92.5,50.0,110.0
1,0,0,57,5,90.0,47.5,112.5
1,0,0,57,6,87.5,55.0,107.5
1,0,0,57,7,72.5,37.5,137.5
1,0,0,57,8,90.0,40.0,115.0
1,0,0,57,9,95.0,40.0,110.0
1,0,0,57,10,85.0,32.5,85.0
1,0,0,57,11,47.5,27.5,82.5
1,0,0,63,1,117.5,60.0,155.0
1,0,0,63,2,110.0,82.5,137.5
1,0,0,63,3,90.0,50.0,115.0
1,0,0,63,4,80.0,40.0,120.0
1,0,0,63,5,72.5,40.0,105.0
1,0,0,69,1,127.5,60.0,137.5
1,0,0,69,2,127.5,60.0,127.5
1,0,0,69,3,120.0,60.0,127.5
1,0,0,69,4,77.5,47.5,120.0
1,0,0,69,5,90.0,45.0,90.0
1,0,0,69,6,90.0,35.0,95.0
1,0,0,69,7,70.0,40.0,90.0
1,0,0,76,1,115.0,60.0,125.0
1,0,0,76,2,97.5,62.5,137.5
1,0,0,76,3,117.5,55.0,117.5
1,0,0,76,4,75.0,57.5,110.0
1,0,0,76,5,90.0,40.0,110.0
1,0,0,76,6,70.0,40.0,95.0
1,0,0,76,7,60.0,50.0,90.0
1,0,0,84,1,162.5,66.0,155.0
1,0,0,84,2,110.0,50.0,137.5
1,0,0,84,3,110.0,40.0,140.0
1,0,0,84,4,110.0,47.5,130.0
1,0,1,43,1,95.0,40.0,102.5
1,0,1,43,2,80.0,42.5,112.5
1,0,1,43,3,70.0,27.5,112.5
1,0,1,47,1,102.5,55.0,130.0
1,0,1,47,2,87.5,57.5,117.5
1,0,1,47,3,85.0,47.5,125.0
1,0,1,47,4,92.5,47.5,107.5
1,0,1,47,5,87.5,42.5,112.5
1,0,1,47,6,70.0,42.5,107.5
1,0,1,47,7,67.5,30.0,92.5
1,0,1,52,1,120.0,70.0,140.0
1,0,1,52,2,107.5,52.5,153.0
1,0,1,52,3,112.5,55.0,115.0
1,0,1,52,4,92.5,47.5,125.0
1,0,1,52,5,92.5,50.0,122.5
1,0,1,52,6,95.0,50.0,115.0
1,0,1,52,7,80.0,35.0,112.5
1,0,1,57,1,120.0,70.0,140.0
1,0,1,57,2,115.0,62.5,150.0
1,0,1,57,3,122.5,67.5,137.5
1,0,1,57,4,120.0,52.5,120.0
1,0,1,57,5,100.0,50.0,130.0
1,0,1,57,6,100.0,60.0,110.0
1,0,1,57,7,107.5,47.5,110.0
1,0,1,57,8,80.0,47.5,112.5
1,0,1,63,1,112.5,70.0,140.0
1,0,1,63,2,115.0,80.0,125.0
1,0,1,63,3,112.5,45.0,135.0
1,0,1,63,4,107.5,50.0,130.0
1,0,1,63,5,102.5,55.0,122.5
1,0,1,63,6,105.0,40.0,117.5
1,0,1,63,7,85.0,50.0,127.5
1,0,1,63,8,87.5,50.0,120.0
1,0,1,69,1,162.5,87.5,180.0
1,0,1,69,2,130.0,65.0,150.0
1,0,1,69,3,132.5,72.5,135.0
1,0,1,69,4,117.5,65.0,147.5
1,0,1,69,5,117.5,55.0,130.0
1,0,1,69,6,95.0,50.0,145.0
1,0,1,69,7,90.0,57.5,142.5
1,0,1,69,8,95.0,62.5,120.0
1,0,1,69,9,95.0,57.5,115.0
1,0,1,76,1,132.5,72.5,157.5
1,0,1,76,2,150.0,67.5,145.0
1,0,1,76,3,140.0,70.0,140.0
1,0,1,76,4,140.0,70.0,130.0
1,0,1,76,5,115.0,70.0,152.5
1,0,1,76,6,112.5,50.0,142.5
1,0,1,76,7,107.5,60.0,127.5
1,0,1,76,8,90.0,55.0,130.0
1,0,1,76,9,95.0,50.0,127.5
0,1,0,53,1,170.0,110.0,187.5
0,1,0,53,2,180.0,105.0,180.0
0,1,0,53,3,170.0,87.5,170.0
0,1,0,53,4,155.0,97.5,175.0
0,1,0,53,5,140.0,90.0,160.0
0,1,0,53,6,120.0,87.5,147.5
0,1,0,53,7,125.0,75.0,130.0
0,1,0,53,8,107.5,50.0,130.0
0,1,0,53,9,65.0,27.5,80.0
0,1,0,59,1,190.0,102.5,200.0
0,1,0,59,2,170.0,77.5,195.0
0,1,0,59,3,165.0,82.5,192.5
0,1,0,59,4,140.0,95.0,177.5
0,1,0,59,5,125.0,80.0,160.0
0,1,0,59,6,115.0,90.0,152.5
0,1,0,59,7,120.0,60.0,130.0
0,1,0,66,1,190.0,135.0,205.0
0,1,0,66,2,200.0,112.5,210.0
0,1,0,66,3,190.0,115.0,212.5
0,1,0,66,4,210.0,90.0,210.0
0,1,0,66,5,185.0,95.0,200.0
0,1,0,66,6,207.5,85.0,180.0
0,1,0,66,7,155.0,100.0,212.5
0,1,0,66,8,150.0,82.5,185.0
0,1,0,66,9,157.5,72.5,185.0
0,1,0,66,10,140.0,70.0,150.0
0,1,0,66,11,120.0,67.5,145.0
0,1,0,66,12,90.0,70.0,120.0
0,1,0,74,1,210.0,157.5,222.5
0,1,0,74,2,207.5,137.5,227.5
0,1,0,74,3,225.0,130.0,210.0
0,1,0,74,4,215.0,102.5,222.5
0,1,0,74,5,215.0,110.0,200.0
0,1,0,74,6,205.0,135.0,185.0
0,1,0,74,7,212.5,102.5,205.0
0,1,0,74,8,200.0,100.0,210.0
0,1,0,74,9,185.0,80.0,170.0
0,1,0,74,10,170.0,80.0,175.0
0,1,0,74,11,150.0,90.0,162.5
0,1,0,74,12,90.0,52.5,115.0
0,1,0,83,1,222.5,160.0,235.0
0,1,0,83,2,210.0,140.0,247.5
0,1,0,83,3,215.0,155.0,222.5
0,1,0,83,4,235.0,140.0,215.0
0,1,0,83,5,237.5,110.0,227.5
0,1,0,83,6,227.5,112.5,225.0
0,1,0,83,7,222.5,125.0,210.0
0,1,0,83,8,220.0,112.5,210.0
0,1,0,83,9,205.0,125.0,212.5
0,1,0,83,10,95.0,55.0,125.0
0,1,0,93,1,260.0,140.0,271.0
0,1,0,93,2,235.0,137.5,237.5
0,1,0,93,3,247.5,122.5,230.0
0,1,0,93,4,230.0,155.0,215.0
0,1,0,93,5,250.0,137.5,190.0
0,1,0,93,6,222.5,122.5,232.5
0,1,0,93,7,230.0,137.5,200.0
0,1,0,93,8,180.0,125.0,185.0
0,1,0,93,9,150.0,75.0,165.0
0,1,0,105,1,260.0,135.0,210.0
0,1,0,105,2,245.0,140.0,220.0
0,1,0,105,3,230.0,120.0,215.0
0,1,0,105,4,230.0,90.0,222.5
0,1,0,105,5,160.0,112.5,160.0
0,1,0,105,6,135.0,105.0,175.0
0,1,0,105,7,115.0,70.0,150.0
0,1,0,120,1,230.0,127.5,210.0
0,1,0,120,2,230.0,115.0,220.0
0,1,0,120,3,220.0,127.5,212.5
0,1,0,120,4,215.0,92.5,180.0
0,1,0,120,5,170.0,117.5,172.5
0,1,0,120,6,105.0,70.0,117.5
0,1,0,200,1,270.0,182.5,202.5
0,1,0,200,2,217.5,137.5,205.0
0,1,0,200,3,145.0,70.0,180.0
0,1,0,200,4,125.0,57.5,130.0
0,1,1,53,1,160.0,97.5,190.0
0,1,1,53,2,160.0,92.5,195.0
0,1,1,53,3,170.0,100.0,175.0
0,1,1,53,4,160.0,90.0,180.0
0,1,1,53,5,160.0,100.0,170.0
0,1,1,59,1,242.5,132.5,253.0
0,1,1,59,2,245.0,135.0,220.0
0,1,1,59,3,225.0,135.0,230.0
0,1,1,59,4,225.0,140.0,197.5
0,1,1,59,5,207.5,112.5,225.0
0,1,1,59,6,200.0,137.5,207.5
0,1,1,59,7,215.0,112.5,215.0
0,1,1,59,8,182.5,107.5,200.0
0,1,1,59,9,175.0,112.5,190.0
0,1,1,59,10,135.0,65.0,190.0
0,1,1,66,1,313.0,145.0,242.5
0,1,1,66,2,250.0,160.0,255.0
0,1,1,66,3,250.0,132.5,235.0
0,1,1,66,4,242.5,145.0,225.0
0,1,1,66,5,240.0,125.0,235.0
0,1,1,66,6,235.0,112.5,230.0
0,1,1,66,7,225.0,137.5,207.5
0,1,1,66,8,225.0,127.5,185.0
0,1,1,66,9,210.0,110.0,200.0
0,1,1,66,10,200.0,70.0,230.0
0,1,1,66,11,202.5,87.5,190.0
0,1,1,66,12,190.0,85.0,195.0
0,1,1,66,13,135.0,85.0,180.0
0,1,1,74,1,260.0,165.0,265.0
0,1,1,74,2,270.0,140.0,255.0
0,1,1,74,3,252.5,175.0,230.0
0,1,1,74,4,240.0,125.0,255.0
0,1,1,74,5,240.0,135.0,245.0
0,1,1,74,6,237.5,157.5,220.0
0,1,1,74,7,232.5,127.5,242.5
0,1,1,74,8,230.0,137.5,232.5
0,1,1,74,9,200.0,107.5,245.0
0,1,1,74,10,200.0,120.0,220.0
0,1,1,74,11,200.0,100.0,230.0
0,1,1,74,12,160.0,90.0,180.0
0,1,1,83,1,315.0,215.0,270.0
0,1,1,83,2,292.5,177.5,285.0
0,1,1,83,3,305.0,180.0,265.0
0,1,1,83,4,295.0,160.0,280.0
0,1,1,83,5,260.0,187.5,270.0
0,1,1,83,6,267.5,125.0,262.5
0,1,1,83,7,255.0,155.0,230.0
0,1,1,83,8,240.0,170.0,220.0
0,1,1,83,9,225.0,117.5,265.0
0,1,1,83,10,240.0,122.5,215.0
0,1,1,83,11,230.0,115.0,230.0
0,1,1,83,12,215.0,122.5,222.5
0,1,1,83,13,220.0,140.0,197.5
0,1,1,83,14,177.5,100.0,170.0
0,1,1,83,15,115.0,52.5,125.0
0,1,1,93,1,310.0,195.0,282.5
0,1,1,93,2,305.0,205.0,245.0
0,1,1,93,3,280.0,172.5,265.0
0,1,1,93,4,260.0,170.0,285.0
0,1,1,93,5,295.0,152.5,260.0
0,1,1,93,6,285.0,160.0,237.5
0,1,1,93,7,290.0,140.0,235.0
0,1,1,93,8,280.0,162.5,220.0
0,1,1,93,9,250.0,152.5,230.0
0,1,1,93,10,195.0,110.0,232.5
0,1,1,93,11,160.0,105.0,182.5
0,1,1,93,12,167.5,95.0,177.5
0,1,1,105,1,365.0,237.5,300.0
0,1,1,105,2,335.0,160.0,295.0
0,1,1,105,3,322.5,182.5,282.5
0,1,1,105,4,312.5,200.0,247.5
0,1,1,105,5,290.0,202.5,252.5
0,1,1,105,6,267.5,190.0,235.0
0,1,1,105,7,275.0,182.5,205.0
0,1,1,105,8,240.0,157.5,250.0
0,1,1,105,9,250.0,160.0,200.0
0,1,1,105,10,210.0,100.0,220.0
1,1,0,43,1,100.0,45.0,110.0
1,1,0,43,2,100.0,42.5,110.0
1,1,0,43,3,80.0,42.5,107.5
1,1,0,43,4,72.5,47.5,95.0
1,1,0,43,5,70.0,30.0,85.0
1,1,0,43,6,55.0,32.5,65.0
1,1,0,47,1,125.0,37.5,107.5
1,1,0,47,2,95.0,45.0,110.0
1,1,0,47,3,92.5,37.5,112.5
1,1,0,47,4,87.5,40.0,105.0
1,1,0,47,5,85.0,32.5,90.0
1,1,0,47,6,60.0,32.5,95.0
1,1,0,47,7,75.0,30.0,70.0
1,1,0,52,1,130.0,60.0,120.0
1,1,0,52,2,115.0,60.0,122.5
1,1,0,52,3,115.0,52.5,112.5
1,1,0,52,4,50.0,32.5,92.5
1,1,0,57,1,147.5,65.0,155.0
1,1,0,57,2,140.0,72.5,147.5
1,1,0,57,3,125.0,50.0,122.5
1,1,0,57,4,125.0,57.5,115.0
1,1,0,57,5,120.0,65.0,110.0
1,1,0,57,6,117.5,47.5,122.5
1,1,0,57,7,90.0,60.0,125.0
1,1,0,57,8,90.0,47.5,115.0
1,1,0,63,1,165.0,85.5,170.0
1,1,0,63,2,165.0,72.5,162.5
1,1,0,63,3,160.0,70.0,160.0
1,1,0,63,4,110.0,40.0,125.0
1,1,0,63,5,110.0,57.5,100.0
1,1,0,63,6,90.0,47.5,100.0
1,1,0,63,7,80.0,52.5,105.0
1,1,0,69,1,157.5,72.5,152.5
1,1,0,69,2,125.0,62.5,120.0
1,1,0,69,3,117.5,70.0,112.5
1,1,0,69,4,115.0,52.5,115.0
1,1,0,69,5,110.0,40.0,127.5
1,1,0,69,6,110.0,50.0,105.0
1,1,0,69,7,70.0,42.5,90.0
1,1,0,69,8,80.0,35.0,50.0
1,1,0,76,1,200.0,95.0,170.0
1,1,0,76,2,197.5,85.0,170.0
1,1,0,76,3,190.0,72.5,147.5
1,1,0,76,4,160.0,90.0,130.0
1,1,0,76,5,147.5,80.0,137.5
1,1,0,76,6,130.0,70.0,145.0
1,1,0,76,7,115.0,42.5,107.5
1,1,0,76,8,90.0,42.5,90.0
1,1,0,84,1,170.0,75.0,135.0
1,1,0,84,2,147.5,65.0,135.0
1,1,0,84,3,115.0,70.0,125.0
1,1,0,84,4,125.0,65.0,100.0
1,1,0,84,5,115.0,47.5,125.0
1,1,0,84,6,60.0,30.0,65.0
1,1,1,47,1,160.0,75.0,140.0
1,1,1,47,2,122.5,62.5,132.5
1,1,1,47,3,117.5,65.0,117.5
1,1,1,47,4,115.0,40.0,125.0
1,1,1,47,5,105.0,65.0,95.0
1,1,1,47,6,80.0,52.5,100.0
1,1,1,52,1,170.0,77.5,150.0
1,1,1,52,2,160.0,87.5,150.0
1,1,1,52,3,165.0,75.0,145.0
1,1,1,52,4,150.0,55.0,142.5
1,1,1,52,5,135.0,75.0,120.0
1,1,1,52,6,115.0,55.0,130.0
1,1,1,52,7,115.0,52.5,132.5
1,1,1,57,1,200.0,117.5,170.0
1,1,1,57,2,170.0,100.0,175.0
1,1,1,57,3,182.5,90.0,160.0
1,1,1,57,4,172.5,77.5,170.0
1,1,1,57,5,150.0,97.5,155.0
1,1,1,57,6,130.0,60.0,127.5
1,1,1,57,7,100.0,50.0,110.0
1,1,1,57,8,95.0,40.0,110.0
1,1,1,57,9,90.0,45.0,100.0
1,1,1,63,1,192.5,102.5,172.5
1,1,1,63,2,192.5,111.0,162.5
1,1,1,63,3,185.0,102.5,172.5
1,1,1,63,4,167.5,85.0,177.5
1,1,1,63,5,162.5,95.0,150.0
1,1,1,63,6,177.5,70.0,140.0
1,1,1,63,7,165.0,75.0,125.0
1,1,1,63,8,155.0,72.5,135.0
1,1,1,63,9,110.0,62.5,95.0
1,1,1,63,10,110.0,50.0,95.0
1,1,1,69,1,202.5,112.5,180.0
1,1,1,69,2,200.0,110.0,172.5
1,1,1,69,3,197.5,75.0,198.0
1,1,1,69,4,180.0,105.0,150.0
1,1,1,69,5,177.5,97.5,150.0
1,1,1,69,6,170.0,87.5,160.0
1,1,1,69,7,170.0,80.0,140.0
1,1,1,69,8,162.5,75.0,150.0
1,1,1,69,9,150.0,85.0,125.0
1,1,1,69,10,117.5,67.5,157.5
1,1,1,69,11,120.0,52.5,115.0
1,1,1,69,12,102.5,60.0,95.0
1,1,1,76,1,195.0,110.0,175.0
1,1,1,76,2,195.0,105.0,170.0
1,1,1,76,3,195.0,107.5,145.0
1,1,1,76,4,197.5,90.0,142.5
1,1,1,76,5,177.5,85.0,160.0
1,1,1,76,6,160.0,115.0,140.0
1,1,1,76,7,180.0,70.0,155.0
1,1,1,76,8,175.0,55.0,142.5
1,1,1,76,9,140.0,70.0,140.0
1,1,1,76,10,122.5,52.5,132.5
1,1,1,76,11,135.0,55.0,115.0
1,1,1,76,12,100.0,50.0,110.0
1,1,1,84,1,202.5,110.0,182.5
1,1,1,84,2,207.5,112.5,172.5
1,1,1,84,3,200.0,105.0,160.0
1,1,1,84,4,187.5,107.5,152.5
1,1,1,84,5,197.5,77.5,170.0
1,1,1,84,6,195.0,87.5,160.0
1,1,1,84,7,147.5,82.5,147.5
1,1,1,84,8,165.0,85.0,120.0
1,1,1,84,9,110.0,60.0,112.5
1,1,1,100,1,245.0,122.5,200.0
1,1,1,100,2,225.0,130.0,165.0
1,1,1,100,3,230.0,95.0,160.0
1,1,1,100,4,225.0,92.5,165.0
1,1,1,100,5,210.0,105.0,165.0
1,1,1,100,6,197.5,80.0,160.0
1,1,1,100,7,195.0,95.0,130.0
1,1,1,100,8,170.0,92.5,132.5
1,1,1,100,9,155.0,80.0,117.5
1,1,1,100,10,160.0,60.0,117.5
1,1,1,100,11,107.5,50.0,105.0
0,1,2,59,1,220.0,152.5,210.0
0,1,2,59,2,220.0,115.0,210.0
0,1,2,59,3,182.5,92.5,202.5
0,1,2,59,4,172.5,97.5,182.5
0,1,2,59,5,172.5,90.0,182.5
0,1,2,59,6,167.5,110.0,165.0
0,1,2,59,7,110.0,72.5,152.5
0,1,2,66,1,315.0,150.0,252.5
0,1,2,66,2,215.0,130.0,247.5
0,1,2,66,3,232.5,122.5,235.0
0,1,2,66,4,140.0,107.5,140.0
0,1,2,74,1,302.5,157.5,285.0
0,1,2,74,2,290.0,177.5,260.0
0,1,2,74,3,285.0,167.5,250.0
0,1,2,74,4,260.0,180.0,240.0
0,1,2,74,5,230.0,152.5,297.5
0,1,2,74,6,230.0,140.0,245.0
0,1,2,74,7,200.0,117.5,220.0
0,1,2,83,1,305.0,190.0,270.0
0,1,2,83,2,300.0,195.0,225.0
0,1,2,83,3,250.0,195.0,242.5
0,1,2,83,4,240.0,172.5,265.0
0,1,2,83,5,255.0,172.5,237.5
0,1,2,83,6,265.0,130.0,250.0
0,1,2,83,7,232.5,170.0,230.0
0,1,2,83,8,230.0,160.0,220.0
0,1,2,83,9,202.5,127.5,240.0
0,1,2,83,10,200.0,125.0,245.0
0,1,2,83,11,150.0,135.0,190.0
0,1,2,93,1,310.0,202.5,300.0
0,1,2,93,2,280.0,187.5,280.0
0,1,2,93,3,280.0,185.0,270.0
0,1,2,93,4,280.0,190.0,252.5
0,1,2,93,5,220.0,180.0,225.0
0,1,2,93,6,205.0,150.0,225.0
0,1,2,105,1,367.5,220.0,270.0
0,1,2,105,2,300.0,190.0,290.0
0,1,2,105,3,300.0,197.5,270.0
0,1,2,105,4,305.0,175.0,255.0
0,1,2,105,5,270.0,162.5,252.5
0,1,2,105,6,275.0,185.0,210.0
0,1,2,105,7,200.0,160.0,255.0
0,1,2,105,8,250.0,130.0,220.0
0,1,2,120,1,360.0,255.0,245.0
0,1,2,120,2,300.0,195.0,270.0
0,1,2,120,3,290.0,215.0,230.0
0,1,2,120,4,275.0,207.5,235.0
0,1,2,120,5,295.0,157.5,247.5
0,1,2,120,6,280.0,177.5,240.0
0,1,2,120,7,260.0,175.0,245.0
0,1,2,120,8,250.0,160.0,230.0
0,1,2,120,9,275.0,135.0,230.0
0,1,2,120,10,170.0,130.0,200.0
0,1,2,200,1,320.0,175.0,250.0
0,1,2,200,2,290.0,137.5,282.5
0,1,2,200,3,240.0,142.5,252.5
0,1,2,200,4,222.5,152.5,215.0
0,1,2,200,5,200.0,155.0,220.0
0,1,2,200,6,250.0,110.0,210.0
0,1,2,200,7,205.0,135.0,220.0
1,1,2,47,1,122.5,75.0,130.0
1,1,2,47,2,117.5,47.5,125.0
1,1,2,47,3,107.5,45.0,105.0
1,1,2,47,4,100.0,55.0,100.0
1,1,2,47,5,95.0,42.5,92.5
1,1,2,47,6,85.0,42.5,100.0
1,1,2,52,1,155.0,70.0,150.0
1,1,2,52,2,140.0,70.0,120.0
1,1,2,52,3,100.0,42.5,105.0
1,1,2,57,1,200.0,97.5,185.0
1,1,2,57,2,147.5,80.0,142.5
1,1,2,57,3,145.0,72.5,150.0
1,1,2,57,4,120.0,60.0,127.5
1,1,2,57,5,102.5,40.0,125.0
1,1,2,57,6,80.0,30.0,100.0
1,1,2,57,7,70.0,45.0,90.0
1,1,2,63,1,195.0,105.0,157.5
1,1,2,63,2,170.0,95.0,185.0
1,1,2,63,3,185.0,92.5,162.5
1,1,2,63,4,170.0,82.5,177.5
1,1,2,63,5,150.0,75.0,165.0
1,1,2,63,6,160.0,82.5,135.0
1,1,2,69,1,215.0,115.0,182.5
1,1,2,69,2,190.0,90.0,170.0
0,1,2,59,1,260.0,185.0,220.0
0,1,2,59,2,262.5,145.0,232.5
0,1,2,59,3,235.0,130.0,227.5
0,1,2,59,4,215.0,120.0,222.5
0,1,2,59,5,210.0,132.5,207.5
0,1,2,59,6,150.0,77.5,177.5
0,1,2,59,7,150.0,82.5,170.0
0,1,2,59,8,132.5,75.0,147.5
0,1,2,59,9,115.0,60.0,140.0
0,1,2,59,10,120.0,60.0,120.0
0,1,2,66,1,260.0,155.0,262.5
0,1,2,66,2,225.0,142.5,245.0
0,1,2,66,3,252.5,127.5,220.0
0,1,2,66,4,250.0,150.0,200.0
0,1,2,66,5,225.0,130.0,220.0
0,1,2,66,6,225.0,110.0,210.0
0,1,2,66,7,220.0,127.5,180.0
0,1,2,66,8,185.0,100.0,215.0
0,1,2,66,9,187.5,110.0,180.0
0,1,2,66,10,150.0,90.0,140.0
0,1,2,74,1,282.5,165.0,235.0
0,1,2,74,2,250.0,145.0,267.5
0,1,2,74,3,255.0,145.0,200.0
0,1,2,74,4,235.0,130.0,190.0
0,1,2,74,5,200.0,132.5,200.0
0,1,2,74,6,200.0,115.0,190.0
0,1,2,74,7,170.0,80.0,250.0
0,1,2,74,8,170.0,122.5,205.0
0,1,2,74,9,152.5,90.0,160.0
0,1,2,83,1,322.5,205.0,307.5
0,1,2,83,2,350.0,165.0,307.5
0,1,2,83,3,330.0,175.0,282.5
0,1,2,83,4,307.5,165.0,285.0
0,1,2,83,5,280.0,185.0,277.5
0,1,2,83,6,275.0,180.0,270.0
0,1,2,83,7,310.0,117.5,270.0
0,1,2,83,8,265.0,170.0,222.5
0,1,2,83,9,260.0,122.5,235.0
0,1,2,83,10,200.0,150.0,200.0
0,1,2,83,11,210.0,120.0,200.0
0,1,2,83,12,140.0,115.0,180.0
0,1,2,83,13,165.0,90.0,165.0
0,1,2,93,1,365.0,180.0,280.0
0,1,2,93,2,302.5,197.5,285.0
0,1,2,93,3,290.0,180.0,245.0
0,1,2,93,4,325.0,140.0,250.0
0,1,2,93,5,260.0,155.0,290.0
0,1,2,93,6,277.5,182.5,232.5
0,1,2,93,7,270.0,170.0,240.0
0,1,2,93,8,270.0,150.0,240.0
0,1,2,93,9,240.0,187.5,210.0
0,1,2,93,10,267.5,140.0,215.0
0,1,2,93,11,230.0,140.0,250.0
0,1,2,93,12,200.0,140.0,200.0
0,1,2,105,1,307.5,180.0,275.0
0,1,2,105,2,310.0,230.0,180.0
0,1,2,105,3,320.0,135.0,240.0
0,1,2,105,4,217.5,162.5,230.0
0,1,2,105,5,235.0,122.5,200.0
0,1,2,105,6,210.0,130.0,210.0
0,1,2,105,7,190.0,105.0,205.0
0,1,2,120,1,290.0,200.0,270.0
0,1,2,120,2,270.0,160.0,242.5
0,1,2,120,3,240.0,147.5,207.5
0,1,2,120,4,250.0,115.0,220.0
0,1,2,120,5,242.5,107.5,202.5
0,1,2,120,6,200.0,135.0,200.0
0,1,2,120,7,100.0,90.0,120.0
0,1,2,120,8,120.0,50.0,135.0
0,1,2,200,1,380.0,260.0,285.0
0,1,2,200,2,380.0,192.5,300.0
0,1,2,200,3,350.0,225.0,290.0
0,1,2,200,4,325.0,215.0,270.0
0,1,2,200,5,320.0,180.0,285.0
0,1,2,200,6,230.0,110.0,242.5
1,1,2,47,1,150.0,82.5,152.5
1,1,2,47,2,157.5,65.0,130.0
1,1,2,47,3,110.0,42.5,117.5
1,1,2,47,4,105.0,40.0,110.0
1,1,2,47,5,77.5,40.0,110.0
1,1,2,47,6,95.0,30.0,90.0
1,1,2,47,7,75.0,32.5,80.0
1,1,2,47,8,55.0,40.0,75.0
1,1,2,52,1,120.0,77.5,135.0
1,1,2,52,2,120.0,65.0,135.0
1,1,2,52,3,122.5,47.5,132.5
1,1,2,52,4,115.0,57.5,125.0
1,1,2,52,5,110.0,55.0,122.5
1,1,2,52,6,95.0,52.5,112.5
1,1,2,57,1,182.5,120.0,165.0
1,1,2,57,2,195.0,77.5,182.5
1,1,2,57,3,192.5,87.5,172.5
1,1,2,57,4,177.5,102.5,162.5
1,1,2,57,5,180.0,100.0,145.0
1,1,2,57,6,177.5,80.0,145.0
1,1,2,57,7,170.0,90.0,130.0
1,1,2,57,8,130.0,77.5,140.0
1,1,2,57,9,135.0,60.0,125.0
1,1,2,57,10,90.0,45.0,120.0
1,1,2,63,1,207.5,100.0,192.5
1,1,2,63,2,180.0,87.5,180.0
1,1,2,63,3,187.5,77.5,170.0
1,1,2,63,4,160.0,80.0,160.0
1,1,2,63,5,150.0,67.5,162.5
1,1,2,63,6,150.0,85.0,137.5
1,1,2,63,7,142.5,65.0,140.0
1,1,2,63,8,135.0,57.5,142.5
1,1,2,63,9,130.0,55.0,120.0
1,1,2,63,10,120.0,47.5,110.0
1,1,2,69,1,212.5,117.5,205.0
1,1,2,69,2,170.0,110.0,167.5
1,1,2,69,3,130.0,75.0,150.0
1,1,2,69,4,137.5,80.0,130.0
1,1,2,69,5,125.0,72.5,142.5
1,1,2,76,1,205.0,110.0,180.0
1,1,2,76,2,202.5,92.5,175.0
1,1,2,76,3,180.0,110.0,170.0
1,1,2,76,4,177.5,80.0,180.0
1,1,2,76,5,182.5,87.5,160.0
1,1,2,76,6,155.0,75.0,177.5
1,1,2,76,7,147.5,65.0,147.5
1,1,2,76,8,87.5,47.5,110.0
1,1,2,76,9,75.0,30.0,102.5
1,1,2,84,1,250.0,160.0,180.0
1,1,2,84,2,190.0,105.0,225.0
1,1,2,84,3,192.5,107.5,165.0
1,1,2,84,4,190.0,77.5,172.5
1,1,2,84,5,172.5,67.5,160.0
1,1,2,84,6,140.0,65.0,155.0
1,1,2,100,1,220.0,120.0,177.5
1,1,2,100,2,217.5,82.5,205.0
1,1,2,100,3,210.0,100.0,162.5
1,1,2,100,4,205.0,100.0,140.0
1,1,2,100,5,160.0,70.0,150.0
1,1,2,100,6,130.0,55.0,120.0
0,0,0,53,1,122.5,77.5,190.0
0,0,0,53,2,132.5,77.5,177.5
0,0,0,53,3,140.0,80.0,167.5
0,0,0,53,4,150.0,72.5,155.0
0,0,0,53,5,130.0,85.0,160.0
0,0,0,53,6,127.5,75.0,165.0
0,0,0,53,7,115.0,70.0,182.5
0,0,0,53,8,122.5,67.5,177.5
0,0,0,53,9,110.0,80.0,155.0
0,0,0,53,10,115.0,67.5,160.0
0,0,0,53,11,115.0,72.5,142.5
0,0,0,53,12,87.5,55.0,130.0
0,0,0,53,13,75.0,50.0,135.0
0,0,0,53,14,92.5,55.0,110.0
0,0,0,53,15,82.5,60.0,110.0
0,0,0,53,16,85.0,45.0,112.5
0,0,0,53,17,65.0,35.0,95.0
0,0,0,53,18,62.5,42.5,80.0
0,0,0,59,1,155.0,102.5,202.5
0,0,0,59,2,165.5,100.5,192.5
0,0,0,59,3,140.0,85.0,192.5
0,0,0,59,4,142.5,80.0,187.5
0,0,0,59,5,145.0,92.5,165.0
0,0,0,59,6,142.5,75.0,185.0
0,0,0,59,7,135.0,90.0,167.5
0,0,0,59,8,120.0,80.0,140.0
0,0,0,59,9,125.0,67.5,145.0
0,0,0,59,10,105.0,60.0,155.0
0,0,0,59,11,105.0,55.0,157.5
0,0,0,59,12,105.0,62.5,140.0
0,0,0,66,1,160.0,105.0,232.5
0,0,0,66,2,157.5,112.5,222.5
0,0,0,66,3,180.0,107.5,200.0
0,0,0,66,4,165.0,95.0,223.0
0,0,0,66,5,177.5,112.5,175.0
0,0,0,66,6,160.0,92.5,207.5
0,0,0,66,7,142.5,102.5,212.5
0,0,0,66,8,157.5,107.5,190.0
0,0,0,66,9,155.0,107.5,190.0
0,0,0,66,10,167.5,87.5,187.5
0,0,0,66,11,160.0,80.0,190.0
0,0,0,66,12,120.0,95.0,200.0
0,0,0,66,13,132.5,95.0,180.0
0,0,0,66,14,135.0,100.0,160.0
0,0,0,66,15,130.0,85.0,175.0
0,0,0,66,16,127.5,90.0,162.5
0,0,0,66,17,120.0,85.0,165.0
0,0,0,66,18,132.5,70.0,160.0
0,0,0,66,19,135.0,75.0,150.0
0,0,0,66,20,107.5,72.5,162.5
0,0,0,66,21,110.0,65.0,165.0
0,0,0,66,22,85.0,55.0,90.0
0,0,0,74,1,180.0,105.0,220.0
0,0,0,74,2,165.0,117.5,217.5
0,0,0,74,3,177.5,87.5,210.0
0,0,0,74,4,180.0,100.0,187.5
0,0,0,74,5,160.0,110.0,195.0
0,0,0,74,6,170.0,90.0,200.0
0,0,0,74,7,150.0,100.0,197.5
0,0,0,74,8,160.0,100.0,180.0
0,0,0,74,9,147.5,90.0,192.5
0,0,0,74,10,160.0,90.0,177.5
0,0,0,74,11,152.5,105.0,170.0
0,0,0,74,12,155.0,85.0,185.0
0,0,0,74,13,150.0,67.5,195.0
0,0,0,74,14,155.0,85.0,170.0
0,0,0,74,15,132.5,72.5,160.0
0,0,0,74,16,115.0,82.5,152.5
0,0,0,74,17,90.0,50.0,165.0
0,0,0,74,18,85.0,67.5,130.0
0,0,0,83,1,205.0,162.5,260.0
0,0,0,83,2,200.0,105.0,255.0
0,0,0,83,3,190.0,115.0,250.0
0,0,0,83,4,180.0,100.0,225.0
0,0,0,83,5,172.5,102.5,210.0
0,0,0,83,6,160.0,107.5,215.0
0,0,0,83,7,170.0,110.0,200.0
0,0,0,83,8,162.5,80.0,220.0
0,0,0,83,9,160.0,70.0,215.0
0,0,0,83,10,165.0,82.5,170.0
0,0,0,83,11,147.5,70.0,170.0
0,0,0,93,1,222.5,147.5,262.5
0,0,0,93,2,230.0,140.0,230.0
0,0,0,93,3,210.0,115.0,250.0
0,0,0,93,4,192.5,140.0,240.0
0,0,0,93,5,205.0,110.0,245.0
0,0,0,93,6,197.5,135.0,220.0
0,0,0,93,7,170.0,117.5,247.5
0,0,0,93,8,190.0,107.5,230.0
0,0,0,93,9,202.5,100.0,222.5
0,0,0,93,10,185.0,110.0,215.0
0,0,0,93,11,187.5,117.5,200.0
0,0,0,93,12,185.0,92.5,190.0
0,0,0,93,13,172.5,107.5,170.0
0,0,0,93,14,145.0,100.0,180.0
0,0,0,93,15,135.0,62.5,175.0
0,0,0,105,1,180.0,130.0,270.0
0,0,0,105,2,192.5,115.0,202.5
0,0,0,105,3,170.0,102.5,225.0
0,0,0,105,4,180.0,107.5,210.0
0,0,0,105,5,175.0,110.0,205.0
0,0,0,105,6,182.5,90.0,212.5
0,0,0,105,7,177.5,112.5,182.5
0,0,0,105,8,180.0,112.5,180.0
0,0,0,105,9,165.0,85.0,220.0
0,0,0,105,10,167.5,90.0,192.5
0,0,0,105,11,160.0,90.0,195.0
0,0,0,105,12,150.0,92.5,182.5
0,0,0,105,13,90.0,55.0,135.0
0,0,0,120,1,225.0,120.0,230.0
0,0,0,120,2,192.5,132.5,242.5
0,0,0,120,3,195.0,132.5,225.0
0,0,0,120,4,190.0,107.5,225.0
0,0,0,120,5,195.0,112.5,197.5
0,0,0,120,6,190.0,107.5,205.0
0,0,0,120,7,175.0,105.0,190.0
0,0,0,120,8,155.0,75.0,170.0
0,0,0,120,9,120.0,72.5,160.0
0,0,0,200,1,260.0,132.5,251.5
0,0,0,200,2,207.5,130.0,251.0
0,0,0,200,3,245.0,112.5,222.5
0,0,0,200,4,185.0,92.5,220.0
0,0,0,200,5,170.0,82.5,175.0
0,0,0,200,6,165.0,75.0,180.0
0,0,0,200,7,145.0,87.5,185.0
0,0,1,53,1,150.0,107.5,180.0
0,0,1,53,2,142.5,108.0,175.0
0,0,1,53,3,150.0,75.0,187.5
0,0,1,53,4,132.5,75.0,187.5
0,0,1,53,5,130.0,77.5,175.0
0,0,1,53,6,132.5,70.0,165.0
0,0,1,53,7,132.5,65.0,170.0
0,0,1,53,8,130.0,77.5,150.0
0,0,1,53,9,117.5,77.5,155.0
0,0,1,53,10,127.5,65.0,157.5
0,0,1,53,11,130.0,67.5,142.5
0,0,1,59,1,177.5,97.5,229.0
0,0,1,59,2,172.5,95.0,220.0
0,0,1,59,3,160.0,107.5,212.5
0,0,1,59,4,167.5,107.5,197.5
0,0,1,59,5,170.0,100.0,195.0
0,0,1,59,6,142.5,102.5,217.5
0,0,1,59,7,145.0,105.0,200.0
0,0,1,59,8,145.0,90.0,215.0
0,0,1,59,9,155.0,110.0,180.0
0,0,1,59,10,157.5,102.5,175.0
0,0,1,59,11,145.0,95.0,180.0
0,0,1,59,12,127.5,85.0,200.0
0,0,1,59,13,142.5,92.5,172.5
0,0,1,59,14,145.0,82.5,175.0
0,0,1,59,15,152.5,95.0,150.0
0,0,1,59,16,140.0,72.5,165.0
0,0,1,59,17,115.0,80.0,160.0
0,0,1,59,18,105.0,65.0,125.0
0,0,1,66,1,212.0,120.0,250.0
0,0,1,66,2,212.5,105.0,260.0
0,0,1,66,3,220.5,125.0,215.0
0,0,1,66,4,210.0,120.0,230.0
0,0,1,66,5,185.0,120.0,205.0
0,0,1,66,6,160.0,120.0,220.0
0,0,1,66,7,175.0,110.0,200.0
0,0,1,66,8,180.0,110.0,195.0
0,0,1,66,9,165.0,105.0,200.0
0,0,1,66,10,155.0,95.0,205.0
0,0,1,66,11,170.0,87.5,187.5
0,0,1,66,12,130.0,102.5,200.0
0,0,1,66,13,150.0,75.0,177.5
0,0,1,66,14,125.0,77.5,175.0
0,0,1,66,15,115.0,60.0,160.0
0,0,1,74,1,190.0,145.0,280.0
0,0,1,74,2,210.0,127.5,270.0
0,0,1,74,3,207.5,127.5,240.0
0,0,1,74,4,217.5,122.5,212.5
0,0,1,74,5,172.5,147.5,232.5
0,0,1,74,6,180.0,125.0,240.0
0,0,1,74,7,207.5,115.0,195.0
0,0,1,74,8,170.0,120.0,207.5
0,0,1,74,9,172.5,105.0,210.0
0,0,1,74,10,172.5,85.0,227.5
0,0,1,74,11,170.0,105.0,207.5
0,0,1,74,12,165.0,87.5,205.0
0,0,1,74,13,150.0,92.5,200.0
0,0,1,74,14,152.5,97.5,190.0
0,0,1,74,15,160.0,90.0,170.0
0,0,1,74,16,150.0,95.0,170.0
0,0,1,74,17,140.0,90.0,165.0
0,0,1,74,18,142.5,67.5,170.0
0,0,1,74,19,115.0,55.0,165.0
0,0,1,74,20,115.0,70.0,130.0
0,0,1,83,1,237.5,160.0,290.5
0,0,1,83,2,230.0,180.0,262.5
0,0,1,83,3,244.0,132.5,270.0
0,0,1,83,4,242.5,142.5,255.0
0,0,1,83,5,225.0,150.0,260.0
0,0,1,83,6,237.5,140.0,252.5
0,0,1,83,7,245.5,110.0,270.0
0,0,1,83,8,242.5,132.5,250.0
0,0,1,83,9,220.0,132.5,240.0
0,0,1,83,10,225.0,127.5,230.0
0,0,1,83,11,207.5,125.0,245.0
0,0,1,83,12,205.0,115.0,252.5
0,0,1,83,13,200.0,125.0,235.0
0,0,1,83,14,187.5,112.5,245.0
0,0,1,83,15,222.5,117.5,202.5
0,0,1,83,16,215.0,115.0,205.0
0,0,1,83,17,170.0,115.0,215.0
0,0,1,83,18,170.0,82.5,170.0
0,0,1,83,19,130.0,60.0,140.0
0,0,1,93,1,227.5,145.0,272.5
0,0,1,93,2,212.5,145.0,262.5
0,0,1,93,3,220.0,130.0,250.0
0,0,1,93,4,215.0,127.5,255.0
0,0,1,93,5,207.5,127.5,242.5
0,0,1,93,6,217.5,120.0,222.5
0,0,1,93,7,192.5,142.5,200.0
0,0,1,93,8,202.5,107.5,210.0
0,0,1,93,9,187.5,120.0,200.0
0,0,1,93,10,170.0,105.0,200.0
0,0,1,93,11,165.0,95.0,200.0
0,0,1,93,12,110.0,72.5,130.0
0,0,1,105,1,262.5,177.5,272.5
0,0,1,105,2,252.5,135.0,240.0
0,0,1,105,3,232.5,135.0,260.0
0,0,1,105,4,197.5,132.5,257.5
0,0,1,105,5,230.0,137.5,220.0
0,0,1,105,6,200.0,130.0,237.5
0,0,1,105,7,190.0,150.0,215.0
0,0,1,105,8,207.5,107.5,237.5
0,0,1,105,9,195.0,102.5,230.0
0,0,1,105,10,150.0,80.0,205.0
0,0,1,120,1,277.5,127.5,285.0
0,0,1,120,2,270.0,150.0,267.5
0,0,1,120,3,230.0,160.0,260.0
0,0,1,120,4,200.0,157.5,275.0
0,0,1,120,5,230.0,155.0,242.5
0,0,1,120,6,250.0,120.0,220.0
0,0,1,120,7,220.0,147.5,215.0
0,0,1,120,8,205.0,107.5,215.0
0,0,1,120,9,190.0,110.0,210.0
0,0,1,200,1,227.5,147.5,265.0
0,0,1,200,2,237.5,140.0,250.0
0,0,1,200,3,225.0,115.0,220.0
0,0,1,200,4,205.0,125.0,212.5
0,0,1,200,5,200.0,100.0,210.0
0,0,1,200,6,190.0,90.0,180.0
0,0,1,200,7,160.0,142.5,140.0
1,0,0,43,1,93.5,37.5,110.0
1,0,0,43,2,80.0,47.5,97.5
1,0,0,43,3,65.0,45.0,102.5
1,0,0,43,4,77.5,35.0,100.0
1,0,0,43,5,70.0,35.0,95.0
1,0,0,43,6,80.0,32.5,85.0
1,0,0,43,7,70.0,30.0,95.0
1,0,0,43,8,65.0,30.0,100.0
1,0,0,43,9,65.0,35.0,70.0
1,0,0,43,10,55.0,30.0,82.5
1,0,0,43,11,47.5,27.5,82.5
1,0,0,43,12,50.0,25.0,72.5
1,0,0,43,13,30.0,25.0,60.0
1,0,0,47,1,82.5,47.5,107.5
1,0,0,47,2,75.0,45.0,110.0
1,0,0,47,3,75.0,40.0,107.5
1,0,0,47,4,77.5,40.0,105.0
1,0,0,47,5,70.0,37.5,105.0
1,0,0,47,6,80.0,30.0,95.0
1,0,0,47,7,70.0,37.5,92.5
1,0,0,47,8,70.0,35.0,85.0
1,0,0,47,9,60.0,25.0,87.5
1,0,0,47,10,55.0,30.0,75.0
1,0,0,47,11,40.0,25.0,75.0
1,0,0,47,12,45.0,25.0,67.5
1,0,0,52,1,110.0,50.0,132.5
1,0,0,52,2,102.5,60.0,125.0
1,0,0,52,3,97.5,60.0,127.5
1,0,0,52,4,92.5,57.5,125.0
1,0,0,52,5,100.0,47.5,115.0
1,0,0,52,6,85.0,55.0,115.0
1,0,0,52,7,90.0,47.5,110.0
1,0,0,52,8,85.0,47.5,110.0
1,0,0,52,9,85.0,45.0,110.0
1,0,0,52,10,90.0,37.5,110.0
1,0,0,52,11,87.5,40.0,110.0
1,0,0,52,12,95.0,40.0,102.5
1,0,0,52,13,65.0,47.5,107.5
1,0,0,52,14,70.0,35.0,105.0
1,0,0,52,15,70.0,30.0,105.0
1,0,0,57,1,107.5,70.0,137.5
1,0,0,57,2,90.0,47.5,120.0
1,0,0,57,3,85.0,50.0,107.5
1,0,0,57,4,80.0,42.5,107.5
1,0,0,57,5,87.5,40.0,100.0
1,0,0,57,6,72.5,27.5,115.0
1,0,0,57,7,57.5,27.5,70.0
1,0,0,63,1,117.5,55.0,140.0
1,0,0,63,2,115.0,57.5,130.0
1,0,0,63,3,110.0,50.0,135.0
1,0,0,63,4,90.0,42.5,115.0
1,0,0,63,5,90.0,40.0,110.0
1,0,0,63,6,80.0,30.0,110.0
1,0,0,63,7,82.5,30.0,100.0
1,0,0,69,1,120.0,65.0,140.0
1,0,0,69,2,120.0,52.5,117.5
1,0,0,69,3,107.5,50.0,127.5
1,0,0,69,4,105.0,57.5,115.0
1,0,0,69,5,95.0,40.0,125.0
1,0,0,69,6,95.0,35.0,100.0
1,0,0,69,7,65.0,30.0,105.0
1,0,0,69,8,50.0,30.0,85.0
1,0,0,76,1,110.0,45.0,135.0
1,0,0,76,2,117.5,55.0,115.0
1,0,0,76,3,117.5,45.0,120.0
1,0,0,76,4,105.0,40.0,110.0
1,0,0,76,5,70.0,42.5,95.0
1,0,0,76,6,82.5,30.0,80.0
1,0,0,76,7,60.0,35.0,75.0
1,0,0,84,1,130.0,45.0,130.0
1,0,0,84,2,112.5,52.5,132.5
1,0,0,84,3,120.0,35.0,120.0
1,0,0,84,4,105.0,50.0,102.5
1,0,0,84,5,92.5,40.0,107.5
1,0,0,84,6,87.5,40.0,112.5
1,0,0,84,7,85.0,40.0,100.0
1,0,0,100,1,157.5,60.0,150.0
1,0,0,100,2,135.0,45.0,163.0
1,0,0,100,3,117.5,50.0,135.0
1,0,0,100,4,130.0,50.0,120.0
1,0,0,100,5,105.0,42.5,105.0
1,0,0,100,6,105.0,40.0,107.5
1,0,0,100,7,92.5,40.0,102.5
1,0,1,43,1,92.5,50.0,110.0
1,0,1,43,2,92.5,47.5,110.0
1,0,1,43,3,87.5,42.5,95.0
1,0,1,43,4,75.0,40.0,110.0
1,0,1,43,5,70.0,37.5,105.0
1,0,1,43,6,67.5,42.5,102.5
1,0,1,43,7,72.5,45.0,90.0
1,0,1,43,8,67.5,27.5,107.5
1,0,1,43,9,65.0,30.0,102.5
1,0,1,43,10,55.0,32.5,97.5
1,0,1,43,11,65.0,37.5,82.5
1,0,1,43,12,40.0,30.0,82.5
1,0,1,43,13,45.0,27.5,70.0
1,0,1,43,14,40.0,30.0,67.5
1,0,1,47,1,90.0,67.5,120.0
1,0,1,47,2,97.5,57.5,120.0
1,0,1,47,3,87.5,45.0,117.5
1,0,1,47,4,77.5,42.5,122.5
1,0,1,47,5,80.0,50.0,110.0
1,0,1,47,6,70.0,45.0,102.5
1,0,1,47,7,80.0,47.5,90.0
1,0,1,47,8,70.0,30.0,110.0
1,0,1,47,9,70.0,37.5,100.0
1,0,1,47,10,65.0,47.5,95.0
1,0,1,47,11,70.0,32.5,102.5
1,0,1,47,12,65.0,35.0,92.5
1,0,1,47,13,62.5,32.5,92.5
1,0,1,47,14,60.0,35.0,77.5
1,0,1,47,15,45.0,27.5,85.0
1,0,1,52,1,107.5,65.0,147.5
1,0,1,52,2,90.0,62.5,122.5
1,0,1,52,3,95.0,52.5,127.5
1,0,1,52,4,102.5,52.5,115.0
1,0,1,52,5,85.0,50.0,125.0
1,0,1,52,6,92.5,52.5,112.5
1,0,1,52,7,92.5,45.0,100.0
1,0,1,52,8,70.0,35.0,100.0
1,0,1,52,9,60.0,35.0,105.0
1,0,1,52,10,60.0,35.0,75.0
1,0,1,57,1,135.0,75.0,162.5
1,0,1,57,2,130.5,65.0,140.0
1,0,1,57,3,105.0,75.0,140.0
1,0,1,57,4,112.5,70.0,120.0
1,0,1,57,5,115.0,57.5,130.0
1,0,1,57,6,110.0,47.5,130.0
1,0,1,57,7,95.0,62.5,125.0
1,0,1,57,8,95.0,47.5,130.0
1,0,1,57,9,82.5,50.0,105.0
1,0,1,57,10,85.0,50.0,95.0
1,0,1,57,11,70.0,37.5,105.0
1,0,1,57,12,75.0,42.5,80.0
1,0,1,63,1,157.5,90.5,145.0
1,0,1,63,2,110.0,57.5,155.0
1,0,1,63,3,135.0,57.5,125.0
1,0,1,63,4,122.5,60.0,127.5
1,0,1,63,5,115.0,70.0,125.0
1,0,1,63,6,110.0,57.5,140.0
1,0,1,63,7,115.0,55.0,112.5
1,0,1,63,8,110.0,50.0,120.0
1,0,1,63,9,92.5,50.0,117.5
1,0,1,63,10,95.0,55.0,110.0
1,0,1,63,11,92.5,42.5,122.5
1,0,1,63,12,85.0,50.0,115.0
1,0,1,63,13,82.5,52.5,102.5
1,0,1,63,14,90.0,40.0,100.0
1,0,1,63,15,85.0,42.5,100.0
1,0,1,63,16,72.5,40.0,97.5
1,0,1,69,1,155.0,65.0,150.0
1,0,1,69,2,125.0,77.5,161.5
1,0,1,69,3,125.0,70.0,157.5
1,0,1,69,4,132.5,60.0,150.0
1,0,1,69,5,132.5,52.5,137.5
1,0,1,69,6,112.5,65.0,142.5
1,0,1,69,7,97.5,57.5,125.0
1,0,1,69,8,110.0,50.0,120.0
1,0,1,76,1,130.0,60.0,130.0
1,0,1,76,2,120.0,52.5,142.5
1,0,1,76,3,132.5,70.0,110.0
1,0,1,76,4,122.5,50.0,125.0
1,0,1,76,5,107.5,57.5,115.0
1,0,1,76,6,115.0,45.0,110.0
1,0,1,76,7,95.0,40.0,132.5
1,0,1,76,8,90.0,47.5,117.5
1,0,1,76,9,97.5,42.5,105.0
1,0,1,76,10,80.0,55.0,100.0
1,0,1,84,1,152.5,72.5,152.5
1,0,1,84,2,150.0,62.5,162.5
1,0,1,84,3,132.5,67.5,130.0
1,0,1,84,4,120.0,60.0,140.0
1,0,1,84,5,127.5,57.5,127.5
1,0,1,84,6,110.0,55.0,125.0
1,0,1,84,7,112.5,45.0,115.0
1,0,1,84,8,97.5,60.0,102.5
1,0,1,84,9,95.0,40.0,95.0
1,0,1,84,10,82.5,45.0,92.5
1,0,1,100,1,187.5,90.0,180.0
1,0,1,100,2,145.0,65.0,150.0
1,0,1,100,3,147.5,50.0,150.0
1,0,1,100,4,120.0,65.0,142.5
1,0,1,100,5,137.5,60.0,120.0
1,0,1,100,6,112.5,65.0,115.0
1,0,1,100,7,120.0,50.0,120.0
1,0,1,100,8,122.5,50.0,112.5
1,0,1,100,9,100.0,55.0,130.0
1,0,1,100,10,130.0,45.0,90.0
0,1,0,53,1,152.5,90.0,180.0
0,1,0,53,2,150.0,77.5,172.5
0,1,0,53,3,135.0,87.5,175.0
0,1,0,53,4,145.0,90.0,160.0
0,1,0,53,5,150.0,77.5,160.0
0,1,0,53,6,147.5,62.5,175.0
0,1,0,53,7,150.0,77.5,140.0
0,1,0,53,8,140.0,80.0,147.5
0,1,0,53,9,115.0,60.0,145.0
0,1,0,53,10,120.0,67.5,125.0
0,1,0,53,11,110.0,60.0,137.5
0,1,0,59,1,220.0,130.0,190.0
0,1,0,59,2,205.0,117.5,195.0
0,1,0,59,3,182.5,97.5,185.0
0,1,0,59,4,172.5,87.5,202.5
0,1,0,59,5,185.0,85.0,185.0
0,1,0,59,6,165.0,97.5,190.0
0,1,0,59,7,175.0,90.0,170.0
0,1,0,59,8,160.0,97.5,160.0
0,1,0,59,9,160.0,65.0,160.0
0,1,0,59,10,147.5,62.5,160.0
0,1,0,59,11,130.0,70.0,150.0
0,1,0,66,1,235.0,135.0,241.0
0,1,0,66,2,185.0,120.0,207.5
0,1,0,66,3,195.0,110.0,200.0
0,1,0,66,4,202.5,102.5,185.0
0,1,0,66,5,195.0,92.5,202.5
0,1,0,66,6,182.5,107.5,195.0
0,1,0,66,7,190.0,92.5,202.5
0,1,0,66,8,190.0,95.0,200.0
0,1,0,66,9,185.0,112.5,182.5
0,1,0,66,10,175.0,90.0,212.5
0,1,0,66,11,197.5,97.5,180.0
0,1,0,66,12,167.5,105.0,195.0
0,1,0,66,13,150.0,105.0,202.5
0,1,0,74,1,250.0,163.0,210.0
0,1,0,74,2,240.0,135.0,212.5
0,1,0,74,3,200.0,112.5,220.0
0,1,0,74,4,200.0,120.0,202.5
0,1,0,74,5,160.0,87.5,190.0
0,1,0,74,6,160.0,87.5,170.0
0,1,0,74,7,150.0,85.0,172.5
0,1,0,74,8,110.0,92.5,175.0
0,1,0,74,9,135.0,65.0,170.0
0,1,0,74,10,130.0,80.0,150.0
0,1,0,74,11,137.5,65.0,150.0
0,1,0,83,1,235.0,135.0,225.0
0,1,0,83,2,202.5,125.0,235.0
0,1,0,83,3,215.0,125.0,215.0
0,1,0,83,4,205.0,140.0,200.0
0,1,0,83,5,202.5,127.5,207.5
0,1,0,83,6,180.0,110.0,232.5
0,1,0,83,7,180.0,130.0,205.0
0,1,0,83,8,200.0,105.0,210.0
0,1,0,83,9,185.0,107.5,210.0
0,1,0,83,10,182.5,82.5,195.0
0,1,0,83,11,180.0,82.5,190.0
0,1,0,83,12,130.0,70.0,155.0
0,1,0,93,1,275.0,155.0,225.0
0,1,0,93,2,230.0,140.0,247.5
0,1,0,93,3,220.0,140.0,232.5
0,1,0,93,4,240.0,140.0,212.5
0,1,0,93,5,232.5,125.0,225.0
0,1,0,93,6,242.5,155.0,180.0
0,1,0,93,7,240.0,140.0,195.0
0,1,0,93,8,220.0,125.0,215.0
0,1,0,93,9,210.0,110.0,222.5
0,1,0,93,10,205.0,102.5,200.0
0,1,0,93,11,215.0,112.5,180.0
0,1,0,93,12,177.5,82.5,200.0
0,1,0,93,13,165.0,67.5,165.0
0,1,0,105,1,240.0,183.0,200.0
0,1,0,105,2,202.5,105.0,217.5
0,1,0,105,3,180.0,85.0,212.5
0,1,0,105,4,160.0,97.5,200.0
0,1,0,105,5,170.0,72.5,190.0
0,1,0,105,6,150.0,82.5,165.0
0,1,0,120,1,252.5,186.0,202.5
0,1,0,120,2,210.0,110.0,207.5
0,1,0,120,3,187.5,90.0,185.0
0,1,0,120,4,180.0,77.5,170.0
0,1,0,120,5,150.0,65.0,165.0
0,1,0,200,1,220.0,147.5,170.0
0,1,1,53,1,200.0,102.5,175.0
0,1,1,53,2,175.0,95.0,195.0
0,1,1,53,3,165.0,90.0,200.0
0,1,1,53,4,185.0,82.5,185.0
0,1,1,53,5,165.0,87.5,175.0
0,1,1,53,6,162.5,77.5,185.0
0,1,1,53,7,145.0,87.5,162.5
0,1,1,53,8,157.5,80.0,155.0
0,1,1,53,9,145.0,77.5,152.5
0,1,1,53,10,130.0,67.5,175.0
0,1,1,53,11,110.0,70.0,150.0
0,1,1,53,12,100.0,65.0,150.0
0,1,1,59,1,247.5,127.5,251.0
0,1,1,59,2,240.0,130.0,240.0
0,1,1,59,3,227.5,117.5,245.5
0,1,1,59,4,240.0,137.5,210.0
0,1,1,59,5,230.0,137.5,207.5
0,1,1,59,6,230.0,110.0,230.0
0,1,1,59,7,210.0,135.0,200.0
0,1,1,59,8,187.5,107.5,215.0
0,1,1,59,9,190.0,115.0,195.0
0,1,1,59,10,175.0,105.0,185.0
0,1,1,59,11,192.5,80.0,170.0
0,1,1,66,1,305.0,168.0,280.0
0,1,1,66,2,267.5,157.5,220.0
0,1,1,66,3,275.0,130.0,232.5
0,1,1,66,4,220.0,150.0,245.0
0,1,1,66,5,230.0,152.5,220.0
0,1,1,66,6,240.0,120.0,215.0
0,1,1,66,7,217.5,142.5,207.5
0,1,1,66,8,230.0,120.0,215.0
0,1,1,66,9,207.5,115.0,205.0
0,1,1,66,10,180.0,75.0,197.5
0,1,1,66,11,170.0,72.5,180.0
0,1,1,74,1,285.0,175.0,293.0
0,1,1,74,2,247.5,165.0,265.0
0,1,1,74,3,272.5,125.0,272.5
0,1,1,74,4,240.0,167.5,260.0
0,1,1,74,5,260.0,147.5,260.0
0,1,1,74,6,245.0,197.5,222.5
0,1,1,74,7,267.5,162.5,230.0
0,1,1,74,8,255.0,145.0,240.0
0,1,1,74,9,275.0,130.0,235.0
0,1,1,74,10,265.0,150.0,225.0
0,1,1,74,11,250.0,142.5,230.0
0,1,1,74,12,195.0,120.0,202.5
0,1,1,74,13,160.0,95.0,165.0
0,1,1,74,14,155.0,65.0,182.5
0,1,1,74,15,135.0,80.0,172.5
0,1,1,83,1,302.5,160.0,285.0
0,1,1,83,2,287.5,192.5,265.0
0,1,1,83,3,305.0,150.0,260.0
0,1,1,83,4,260.0,192.5,245.0
0,1,1,83,5,260.0,155.0,270.0
0,1,1,83,6,290.0,132.5,250.0
0,1,1,83,7,270.0,165.0,230.0
0,1,1,83,8,265.0,142.5,240.0
0,1,1,83,9,235.0,137.5,220.0
0,1,1,83,10,215.0,140.0,225.0
0,1,1,83,11,220.0,135.0,215.0
0,1,1,83,12,185.0,117.5,177.5
0,1,1,83,13,150.0,135.0,185.0
0,1,1,83,14,170.0,80.0,200.0
0,1,1,83,15,150.0,67.5,180.0
0,1,1,93,1,315.0,223.0,305.0
0,1,1,93,2,310.0,170.0,295.0
0,1,1,93,3,320.0,192.5,260.0
0,1,1,93,4,295.0,180.0,260.0
0,1,1,93,5,282.5,167.5,282.5
0,1,1,93,6,290.0,170.0,270.0
0,1,1,93,7,285.0,157.5,260.0
0,1,1,93,8,277.5,140.0,225.0
0,1,1,93,9,215.0,145.0,237.5
0,1,1,93,10,250.0,110.0,235.0
0,1,1,93,11,200.0,125.0,245.0
0,1,1,93,12,220.0,105.0,210.0
0,1,1,93,13,187.5,100.0,205.0
0,1,1,93,14,210.0,70.0,210.0
0,1,1,105,1,302.5,210.0,337.0
0,1,1,105,2,327.5,195.0,280.0
0,1,1,105,3,340.5,212.5,247.5
0,1,1,105,4,307.5,210.0,257.5
0,1,1,105,5,305.0,192.5,260.0
0,1,1,105,6,302.5,157.5,255.0
0,1,1,105,7,322.5,145.0,230.0
0,1,1,105,8,260.0,145.0,250.0
0,1,1,105,9,260.0,130.0,222.5
0,1,1,105,10,190.0,85.0,182.5
0,1,1,120,1,325.0,227.5,287.5
0,1,1,120,2,342.5,202.5,265.0
0,1,1,120,3,340.0,177.5,290.0
0,1,1,120,4,300.0,195.0,290.0
0,1,1,120,5,250.0,100.0,240.0
0,1,1,200,1,383.0,225.0,325.0
0,1,1,200,2,290.0,165.0,270.0
0,1,1,200,3,280.0,160.0,240.0
0,1,1,200,4,265.0,130.0,250.0
0,1,1,200,5,230.0,160.0,200.0
0,1,1,200,6,220.0,160.0,190.0
1,1,0,43,1,117.5,52.5,123.0
1,1,0,43,2,115.0,40.0,107.5
1,1,0,43,3,97.5,50.0,100.0
1,1,0,43,4,92.5,27.5,95.0
1,1,0,43,5,75.0,35.0,92.5
1,1,0,43,6,70.0,27.5,77.5
1,1,0,43,7,52.5,27.5,77.5
1,1,0,47,1,140.0,57.5,145.0
1,1,0,47,2,100.0,55.0,107.5
1,1,0,47,3,100.0,52.5,110.0
1,1,0,47,4,95.0,35.0,112.5
1,1,0,47,5,100.0,40.0,100.0
1,1,0,47,6,85.0,35.0,85.0
1,1,0,47,7,75.0,27.5,80.0
1,1,0,47,8,75.0,37.5,60.0
1,1,0,52,1,130.0,65.0,140.0
1,1,0,52,2,147.5,57.5,130.0
1,1,0,52,3,130.0,65.0,132.5
1,1,0,52,4,130.0,45.0,125.0
1,1,0,52,5,122.5,55.0,122.5
1,1,0,52,6,125.0,45.0,120.0
1,1,0,52,7,120.0,52.5,112.5
1,1,0,52,8,105.0,52.5,122.5
1,1,0,52,9,97.5,37.5,97.5
1,1,0,52,10,70.0,30.0,100.0
1,1,0,52,11,80.0,30.0,90.0
1,1,0,57,1,150.0,85.0,150.0
1,1,0,57,2,140.0,82.5,140.0
1,1,0,57,3,145.0,60.0,117.5
1,1,0,57,4,135.0,62.5,105.0
1,1,0,57,5,117.5,57.5,110.0
1,1,0,57,6,95.0,50.0,107.5
1,1,0,57,7,90.0,52.5,80.0
1,1,0,57,8,70.0,40.0,100.0
1,1,0,57,9,67.5,32.5,77.5
1,1,0,63,1,140.0,72.5,147.5
1,1,0,63,2,140.0,62.5,147.5
1,1,0,63,3,145.0,65.0,132.5
1,1,0,63,4,135.0,62.5,142.5
1,1,0,63,5,130.0,75.0,125.0
1,1,0,63,6,95.0,55.0,105.0
1,1,0,63,7,100.0,42.5,105.0
1,1,0,63,8,65.0,32.5,80.0
1,1,0,69,1,137.5,57.5,130.0
1,1,0,69,2,100.0,50.0,125.0
1,1,0,69,3,112.5,40.0,120.0
1,1,0,69,4,67.5,40.0,85.0
1,1,0,76,1,140.0,65.0,132.5
1,1,0,76,2,137.5,55.0,120.0
1,1,0,76,3,85.0,35.0,107.5
1,1,0,76,4,70.0,42.5,90.0
1,1,0,84,1,180.0,72.5,157.5
1,1,0,84,2,175.0,85.0,140.0
1,1,0,84,3,170.0,75.0,127.5
1,1,0,84,4,105.0,55.0,110.0
1,1,0,100,1,200.0,120.0,155.0
1,1,0,100,2,145.0,45.0,155.0
1,1,0,100,3,150.0,65.0,100.0
1,1,0,100,4,105.0,42.5,115.0
1,1,1,52,1,165.0,82.5,177.5
1,1,1,52,2,167.5,82.5,155.0
1,1,1,52,3,157.5,72.5,125.0
1,1,1,52,4,127.5,55.0,145.0
1,1,1,52,5,130.0,57.5,135.0
1,1,1,52,6,122.5,60.0,130.0
1,1,1,52,7,120.0,57.5,112.5
1,1,1,52,8,112.5,42.5,112.5
1,1,1,52,9,85.0,40.0,92.5
1,1,1,57,1,190.0,80.0,170.0
1,1,1,57,2,177.5,85.0,167.5
1,1,1,57,3,175.0,82.5,172.5
1,1,1,57,4,170.0,105.0,140.0
1,1,1,57,5,162.5,85.0,155.0
1,1,1,57,6,170.0,72.5,152.5
1,1,1,57,7,145.0,75.0,150.0
1,1,1,57,8,130.0,57.5,142.5
1,1,1,57,9,117.5,45.0,125.0
1,1,1,57,10,110.0,50.0,110.0
1,1,1,63,1,182.5,87.5,177.5
1,1,1,63,2,172.5,90.0,170.0
1,1,1,63,3,182.5,85.0,157.5
1,1,1,63,4,160.0,87.5,155.0
1,1,1,63,5,180.0,72.5,140.0
1,1,1,63,6,160.0,80.0,145.0
1,1,1,63,7,150.0,82.5,120.0
1,1,1,63,8,157.5,60.0,125.0
1,1,1,63,9,145.0,67.5,120.0
1,1,1,63,10,125.0,65.0,137.5
1,1,1,63,11,97.5,50.0,110.0
1,1,1,63,12,82.5,50.0,120.0
1,1,1,69,1,172.5,65.0,187.5
1,1,1,69,2,182.5,90.0,150.0
1,1,1,69,3,175.0,70.0,172.5
1,1,1,69,4,177.5,100.0,130.0
1,1,1,69,5,155.0,82.5,157.5
1,1,1,69,6,150.0,95.0,130.0
1,1,1,69,7,140.0,72.5,142.5
1,1,1,69,8,122.5,50.0,122.5
1,1,1,69,9,100.0,50.0,115.0
1,1,1,69,10,80.0,45.0,105.0
1,1,1,76,1,190.0,120.0,177.5
1,1,1,76,2,197.5,90.0,160.0
1,1,1,76,3,165.0,85.0,140.0
1,1,1,76,4,157.5,82.5,147.5
1,1,1,76,5,155.0,55.0,130.0
1,1,1,76,6,105.0,52.5,120.0
1,1,1,84,1,230.0,97.5,197.5
1,1,1,84,2,210.0,75.0,180.0
1,1,1,84,3,200.0,97.5,165.0
1,1,1,84,4,210.0,77.5,157.5
1,1,1,84,5,105.0,45.0,102.5
1,1,1,100,1,227.5,105.0,192.5
1,1,1,100,2,227.5,115.0,172.5
1,1,1,100,3,212.5,115.0,130.0
1,1,1,100,4,190.0,80.0,180.0
1,1,1,100,5,187.5,87.5,140.0
1,1,1,100,6,170.0,77.5,155.0
0,1,2,59,1,267.5,165.0,235.0
0,1,2,59,2,265.0,180.0,220.0
0,1,2,59,3,245.0,132.5,227.5
0,1,2,59,4,232.5,140.0,210.0
0,1,2,59,5,247.5,120.0,215.0
0,1,2,59,6,205.0,120.0,225.0
0,1,2,59,7,195.0,105.0,210.0
0,1,2,59,8,185.0,100.0,215.0
0,1,2,59,9,170.0,132.5,160.0
0,1,2,66,1,290.0,157.5,260.0
0,1,2,66,2,265.0,165.0,265.0
0,1,2,66,3,285.0,155.0,250.0
0,1,2,66,4,252.5,127.5,262.5
0,1,2,66,5,240.0,155.0,240.0
0,1,2,66,6,250.0,150.0,220.0
0,1,2,66,7,150.0,85.0,185.0
0,1,2,74,1,310.0,185.0,287.5
0,1,2,74,2,312.5,172.5,275.0
0,1,2,74,3,280.0,177.5,250.0
0,1,2,74,4,250.0,162.5,260.0
0,1,2,74,5,220.0,180.0,222.5
0,1,2,74,6,220.0,147.5,220.0
0,1,2,74,7,172.5,107.5,187.5
0,1,2,83,1,340.0,217.5,300.0
0,1,2,83,2,320.0,233.0,280.0
0,1,2,83,3,335.0,225.0,270.0
0,1,2,83,4,317.5,200.0,300.0
0,1,2,83,5,340.0,177.5,297.5
0,1,2,83,6,315.0,175.0,305.0
0,1,2,83,7,312.5,182.5,260.0
0,1,2,83,8,292.5,160.0,300.0
0,1,2,83,9,300.0,170.0,280.0
0,1,2,83,10,275.0,195.0,255.0
0,1,2,83,11,257.5,187.5,270.0
0,1,2,83,12,247.5,165.0,295.0
0,1,2,83,13,277.5,160.0,260.0
0,1,2,83,14,260.0,140.0,262.5
0,1,2,83,15,295.0,160.0,200.0
0,1,2,93,1,380.0,187.5,310.0
0,1,2,93,2,342.5,217.5,307.5
0,1,2,93,3,345.0,195.0,325.0
0,1,2,93,4,330.0,202.5,310.0
0,1,2,93,5,315.0,212.5,315.0
0,1,2,93,6,320.0,215.0,295.0
0,1,2,93,7,342.5,195.0,292.5
0,1,2,93,8,302.5,177.5,292.5
0,1,2,93,9,285.0,185.0,280.0
0,1,2,93,10,270.0,172.5,240.0
0,1,2,93,11,245.0,150.0,247.5
0,1,2,93,12,220.0,177.5,220.0
0,1,2,105,1,403.0,255.0,315.0
0,1,2,105,2,350.0,280.0,290.0
0,1,2,105,3,355.0,217.5,305.0
0,1,2,105,4,375.0,212.5,290.0
0,1,2,105,5,372.5,215.0,280.0
0,1,2,105,6,345.0,210.0,280.0
0,1,2,105,7,310.0,172.5,300.0
0,1,2,105,8,300.0,180.0,270.0
0,1,2,105,9,312.5,190.0,247.5
0,1,2,105,10,340.0,160.0,240.0
0,1,2,105,11,260.0,172.5,297.5
0,1,2,105,12,305.0,160.0,220.0
0,1,2,105,13,240.0,150.0,200.0
0,1,2,105,14,250.0,120.0,180.0
0,1,2,105,15,165.0,115.0,200.0
0,1,2,105,16,185.0,122.5,170.0
0,1,2,120,1,382.5,240.0,325.0
0,1,2,120,2,350.0,252.5,335.0
0,1,2,120,3,370.0,202.5,302.5
0,1,2,120,4,310.0,222.5,315.0
0,1,2,120,5,320.0,190.0,302.5
0,1,2,120,6,325.0,195.0,290.0
0,1,2,120,7,340.0,190.0,280.0
0,1,2,120,8,330.0,180.0,260.0
0,1,2,120,9,250.0,150.0,200.0
0,1,2,120,10,150.0,105.0,170.0
0,1,2,200,1,470.0,302.5,330.0
0,1,2,200,2,450.0,292.5,320.0
0,1,2,200,3,365.0,225.0,327.5
0,1,2,200,4,362.5,240.0,312.5
0,1,2,200,5,350.0,247.5,310.0
0,1,2,200,6,322.5,195.0,292.5
0,1,2,200,7,312.5,170.0,285.0
0,1,2,200,8,300.0,200.0,250.0
0,1,2,200,9,310.0,145.0,275.0
1,1,2,47,1,180.0,75.0,155.0
1,1,2,47,2,160.0,80.0,150.0
1,1,2,47,3,162.5,65.0,152.5
1,1,2,47,4,155.0,75.0,147.5
1,1,2,47,5,85.0,55.0,100.0
1,1,2,47,6,80.0,42.5,100.0
1,1,2,52,1,177.5,97.5,177.5
1,1,2,52,2,160.0,80.0,167.5
1,1,2,52,3,170.0,85.0,152.5
1,1,2,52,4,160.0,80.0,152.5
1,1,2,52,5,120.0,40.0,135.0
1,1,2,52,6,115.0,52.5,120.0
1,1,2,57,1,187.5,87.5,170.0
1,1,2,57,2,177.5,95.0,167.5
1,1,2,57,3,182.5,77.5,177.5
1,1,2,57,4,172.5,102.5,162.5
1,1,2,57,5,170.0,90.0,145.0
1,1,2,57,6,170.0,90.0,140.0
1,1,2,57,7,165.0,70.0,165.0
1,1,2,57,8,170.0,55.0,170.0
1,1,2,57,9,160.0,72.5,150.0
1,1,2,57,10,150.0,90.0,140.0
1,1,2,57,11,145.0,70.0,157.5
1,1,2,57,12,105.0,60.0,90.0
1,1,2,63,1,190.0,117.5,195.5
1,1,2,63,2,205.0,97.5,185.0
1,1,2,63,3,197.5,105.0,182.5
1,1,2,63,4,180.0,90.0,190.0
1,1,2,63,5,160.0,80.0,155.0
1,1,2,63,6,170.0,75.0,150.0
1,1,2,63,7,160.0,82.5,135.0
1,1,2,63,8,170.0,60.0,142.5
1,1,2,63,9,147.5,65.0,135.0
1,1,2,63,10,122.5,45.0,110.0
1,1,2,63,11,100.0,45.0,125.0
1,1,2,63,12,100.0,50.0,115.0
1,1,2,63,13,100.0,45.0,100.0
1,1,2,69,1,215.0,107.5,187.5
1,1,2,69,2,217.5,95.0,190.0
1,1,2,69,3,190.0,115.0,192.5
1,1,2,69,4,200.0,110.0,182.5
1,1,2,69,5,190.0,85.0,180.0
1,1,2,69,6,180.0,102.5,170.0
1,1,2,69,7,185.0,70.0,150.0
1,1,2,69,8,167.5,72.5,140.0
1,1,2,69,9,142.5,55.0,120.0
1,1,2,69,10,130.0,55.0,110.0
1,1,2,76,1,222.5,132.5,207.5
1,1,2,76,2,210.0,115.0,202.5
1,1,2,76,3,215.0,112.5,190.0
1,1,2,76,4,195.0,122.5,187.5
1,1,2,76,5,202.5,90.0,202.5
1,1,2,76,6,197.5,102.5,182.5
1,1,2,76,7,200.0,92.5,177.5
1,1,2,76,8,185.0,92.5,190.0
1,1,2,76,9,195.0,92.5,177.5
1,1,2,76,10,165.0,97.5,182.5
1,1,2,76,11,157.5,95.0,170.0
1,1,2,76,12,162.5,77.5,155.0
1,1,2,76,13,145.0,70.0,177.5
1,1,2,76,14,152.5,75.0,145.0
1,1,2,84,1,252.5,112.5,222.5
1,1,2,84,2,235.0,160.0,187.5
1,1,2,84,3,230.0,172.5,180.0
1,1,2,84,4,182.5,80.0,167.5
1,1,2,84,5,170.0,77.5,167.5
1,1,2,100,1,305.0,172.5,195.0
1,1,2,100,2,280.0,137.5,225.0
1,1,2,100,3,242.5,147.5,197.5
1,1,2,100,4,240.0,140.0,205.0
1,1,2,100,5,222.5,130.0,175.0
1,1,2,100,6,215.0,102.5,190.0
1,1,2,100,7,207.5,110.0,182.5
1,1,2,100,8,230.0,100.0,170.0
1,1,2,100,9,202.5,77.5,215.0
1,1,2,100,10,195.0,105.0,192.5
1,1,2,100,11,150.0,70.0,130.0
1,1,2,100,12,120.0,85.0,140.0
0,0,0,53,1,135.0,75.0,182.5
0,0,0,53,2,135.0,77.5,175.0
0,0,0,53,3,140.0,92.5,152.5
0,0,0,53,4,125.0,70.0,170.0
0,0,0,53,5,117.5,70.0,177.5
0,0,0,53,6,132.5,57.5,172.5
0,0,0,53,7,117.5,85.0,150.0
0,0,0,53,8,122.5,55.0,172.5
0,0,0,53,9,117.5,65.0,160.0
0,0,0,53,10,115.0,67.5,150.0
0,0,0,53,11,117.5,55.0,150.0
0,0,0,53,12,120.0,57.5,140.0
0,0,0,53,13,97.5,55.0,145.0
0,0,0,53,14,97.5,67.5,130.0
0,0,0,53,15,70.0,60.0,100.0
0,0,0,59,1,150.0,100.0,200.0
0,0,0,59,2,160.0,85.0,180.0
0,0,0,59,3,142.5,70.0,197.5
0,0,0,59,4,145.0,85.0,155.0
0,0,0,59,5,120.0,70.0,170.0
0,0,0,59,6,120.0,80.0,140.0
0,0,0,59,7,100.0,65.0,155.0
0,0,0,59,8,100.0,80.0,130.0
0,0,0,66,1,175.0,125.0,205.0
0,0,0,66,2,155.0,120.0,220.0
0,0,0,66,3,170.0,100.0,187.5
0,0,0,66,4,145.0,100.0,205.0
0,0,0,66,5,150.0,87.5,202.5
0,0,0,66,6,152.5,97.5,190.0
0,0,0,66,7,155.0,97.5,185.0
0,0,0,66,8,160.0,90.0,165.0
0,0,0,66,9,150.0,100.0,160.0
0,0,0,66,10,130.0,105.0,175.0
0,0,0,66,11,140.0,90.0,170.0
0,0,0,66,12,115.0,82.5,197.5
0,0,0,66,13,145.0,90.0,150.0
0,0,0,66,14,140.0,80.0,165.0
0,0,0,66,15,135.0,77.5,162.5
0,0,0,66,16,112.5,65.0,150.0
0,0,0,66,17,85.0,60.0,150.0
0,0,0,66,18,95.0,70.0,120.0
0,0,0,66,19,112.5,57.5,115.0
0,0,0,66,20,82.5,55.0,130.0
0,0,0,74,1,200.0,125.0,252.5
0,0,0,74,2,192.5,117.5,237.5
0,0,0,74,3,177.5,115.0,235.0
0,0,0,74,4,182.5,97.5,220.0
0,0,0,74,5,167.5,95.0,222.5
0,0,0,74,6,160.0,120.0,200.0
0,0,0,74,7,155.0,90.0,187.5
0,0,0,74,8,145.0,95.0,180.0
0,0,0,74,9,137.5,100.0,180.0
0,0,0,74,10,157.5,80.0,180.0
0,0,0,74,11,142.5,80.0,170.0
0,0,0,74,12,145.0,67.5,175.0
0,0,0,74,13,135.0,80.0,170.0
0,0,0,74,14,150.0,80.0,150.0
0,0,0,74,15,115.0,77.5,157.5
0,0,0,74,16,100.0,70.0,140.0
0,0,0,74,17,90.0,62.5,150.0
0,0,0,74,18,92.5,62.5,132.5
0,0,0,83,1,210.0,135.0,230.0
0,0,0,83,2,187.5,135.0,240.0
0,0,0,83,3,197.5,120.0,225.0
0,0,0,83,4,190.0,117.5,227.5
0,0,0,83,5,195.0,130.0,207.5
0,0,0,83,6,180.0,120.0,230.0
0,0,0,83,7,187.5,110.0,220.0
0,0,0,83,8,180.0,117.5,192.5
0,0,0,83,9,160.0,140.0,190.0
0,0,0,83,10,192.5,100.0,195.0
0,0,0,83,11,175.0,107.5,205.0
0,0,0,83,12,170.0,112.5,202.5
0,0,0,83,13,160.0,105.0,200.0
0,0,0,83,14,137.5,115.0,200.0
0,0,0,83,15,145.0,105.0,200.0
0,0,0,83,16,177.5,105.0,160.0
0,0,0,83,17,160.0,95.0,185.0
0,0,0,83,18,155.0,82.5,202.5
0,0,0,83,19,152.5,85.0,182.5
0,0,0,83,20,165.0,70.0,185.0
0,0,0,83,21,155.0,77.5,180.0
0,0,0,83,22,140.0,90.0,160.0
0,0,0,83,23,85.0,50.0,120.0
0,0,0,93,1,210.0,135.0,230.0
0,0,0,93,2,202.5,125.0,242.5
0,0,0,93,3,202.5,100.0,235.0
0,0,0,93,4,182.5,132.5,202.5
0,0,0,93,5,185.0,125.0,205.0
0,0,0,93,6,190.0,110.0,200.0
0,0,0,93,7,155.0,125.0,215.0
0,0,0,93,8,175.0,87.5,225.0
0,0,0,93,9,170.0,115.0,195.0
0,0,0,93,10,160.0,90.0,180.0
0,0,0,93,11,140.0,85.0,180.0
0,0,0,93,12,145.0,85.0,152.5
0,0,0,93,13,135.0,80.0,160.0
0,0,0,93,14,110.0,60.0,140.0
0,0,0,105,1,222.5,127.5,242.5
0,0,0,105,2,207.5,145.0,225.0
0,0,0,105,3,215.0,130.0,227.5
0,0,0,105,4,165.0,127.5,265.0
0,0,0,105,5,222.5,130.0,205.0
0,0,0,105,6,185.0,130.0,215.0
0,0,0,105,7,190.0,110.0,190.0
0,0,0,105,8,167.5,87.5,205.0
0,0,0,105,9,180.0,80.0,200.0
0,0,0,105,10,155.0,95.0,195.0
0,0,0,105,11,170.0,82.5,185.0
0,0,0,105,12,145.0,77.5,180.0
0,0,0,105,13,150.0,80.0,160.0
0,0,0,105,14,155.0,60.0,147.5
0,0,0,105,15,115.0,75.0,140.0
0,0,0,120,1,265.0,152.5,245.0
0,0,0,120,2,217.5,135.0,227.5
0,0,0,120,3,225.0,120.0,197.5
0,0,0,120,4,200.0,90.0,227.5
0,0,0,120,5,180.0,117.5,185.0
0,0,0,120,6,180.0,117.5,180.0
0,0,0,120,7,175.0,97.5,200.0
0,0,0,120,8,142.5,117.5,205.0
0,0,0,120,9,130.0,75.0,190.0
0,0,0,120,10,110.0,60.0,125.0
0,0,0,200,1,195.0,115.0,202.5
0,0,0,200,2,200.0,90.0,212.5
0,0,0,200,3,165.0,85.0,200.0
0,0,0,200,4,162.5,87.5,185.0
0,0,0,200,5,180.0,77.5,170.0
0,0,0,200,6,125.0,72.5,145.0
0,0,0,200,7,105.0,65.0,125.0
0,0,1,53,1,157.5,80.0,187.5
0,0,1,53,2,157.5,85.0,180.0
0,0,1,53,3,162.5,90.0,160.0
0,0,1,53,4,150.0,77.5,185.0
0,0,1,53,5,147.5,70.0,187.5
0,0,1,53,6,132.5,80.0,190.0
0,0,1,53,7,150.0,85.0,165.0
0,0,1,53,8,135.0,92.5,172.5
0,0,1,53,9,135.0,95.0,157.5
0,0,1,53,10,127.5,82.5,172.5
0,0,1,53,11,122.5,102.5,155.0
0,0,1,53,12,130.0,80.0,150.0
0,0,1,53,13,130.0,65.0,150.0
0,0,1,59,1,155.0,100.0,210.0
0,0,1,59,2,170.0,95.0,195.0
0,0,1,59,3,160.0,95.0,190.0
0,0,1,59,4,185.0,90.0,165.0
0,0,1,59,5,130.0,115.0,195.0
0,0,1,59,6,165.0,75.0,195.0
0,0,1,59,7,155.0,75.0,205.0
0,0,1,59,8,135.0,95.0,172.5
0,0,1,59,9,130.0,80.0,175.0
0,0,1,59,10,127.5,87.5,170.0
0,0,1,59,11,115.0,70.0,170.0
0,0,1,66,1,190.0,130.0,227.5
0,0,1,66,2,192.5,122.5,230.0
0,0,1,66,3,205.0,117.5,210.0
0,0,1,66,4,165.0,105.0,230.0
0,0,1,66,5,182.5,100.0,200.0
0,0,1,66,6,177.5,95.0,205.0
0,0,1,66,7,155.0,115.0,205.0
0,0,1,66,8,160.0,105.0,210.0
0,0,1,66,9,175.0,107.5,190.0
0,0,1,66,10,160.0,95.0,205.0
0,0,1,66,11,140.0,130.0,160.0
0,0,1,66,12,142.5,85.0,197.5
0,0,1,66,13,160.0,75.0,170.0
0,0,1,66,14,162.5,80.0,162.5
0,0,1,66,15,125.0,80.0,175.0
0,0,1,66,16,120.0,100.0,145.0
0,0,1,66,17,110.0,70.0,150.0
0,0,1,74,1,230.0,140.0,283.0
0,0,1,74,2,220.0,132.5,245.0
0,0,1,74,3,222.5,130.0,227.5
0,0,1,74,4,210.0,125.0,240.0
0,0,1,74,5,200.0,117.5,245.0
0,0,1,74,6,192.5,125.0,245.0
0,0,1,74,7,195.0,105.0,260.0
0,0,1,74,8,210.0,110.0,230.0
0,0,1,74,9,170.0,107.5,260.0
0,0,1,74,10,205.0,102.5,215.0
0,0,1,74,11,185.0,112.5,215.0
0,0,1,74,12,185.0,102.5,205.0
0,0,1,74,13,165.0,107.5,205.0
0,0,1,74,14,160.0,102.5,202.5
0,0,1,74,15,170.0,100.0,192.5
0,0,1,74,16,150.0,120.0,180.0
0,0,1,74,17,160.0,90.0,197.5
0,0,1,74,18,150.0,102.5,187.5
0,0,1,74,19,130.0,72.5,170.0
0,0,1,83,1,222.5,150.0,265.0
0,0,1,83,2,215.0,147.5,255.0
0,0,1,83,3,225.0,150.0,230.0
0,0,1,83,4,227.5,100.0,250.0
0,0,1,83,5,212.5,132.5,230.0
0,0,1,83,6,220.0,122.5,230.0
0,0,1,83,7,185.0,127.5,252.5
0,0,1,83,8,197.5,130.0,230.0
0,0,1,83,9,205.0,130.0,222.5
0,0,1,83,10,195.0,130.0,230.0
0,0,1,83,11,175.0,142.5,227.5
0,0,1,83,12,190.0,120.0,230.0
0,0,1,83,13,190.0,120.0,227.5
0,0,1,83,14,187.5,112.5,237.5
0,0,1,83,15,205.0,112.5,215.0
0,0,1,83,16,187.5,110.0,225.0
0,0,1,83,17,180.0,117.5,220.0
0,0,1,83,18,162.5,95.0,215.0
0,0,1,93,1,255.0,157.5,310.0
0,0,1,93,2,240.0,162.5,285.0
0,0,1,93,3,242.5,142.5,295.0
0,0,1,93,4,237.5,152.5,270.0
0,0,1,93,5,250.0,152.5,250.0
0,0,1,93,6,210.0,147.5,240.0
0,0,1,93,7,210.0,120.0,260.0
0,0,1,93,8,237.5,105.0,240.0
0,0,1,93,9,200.0,127.5,245.0
0,0,1,93,10,210.0,140.0,220.0
0,0,1,93,11,210.0,120.0,235.0
0,0,1,93,12,190.0,140.0,235.0
0,0,1,93,13,205.0,115.0,240.0
0,0,1,93,14,220.0,127.5,212.5
0,0,1,93,15,195.0,122.5,225.0
0,0,1,93,16,195.0,122.5,215.0
0,0,1,93,17,180.0,117.5,210.0
0,0,1,93,18,170.0,120.0,205.0
0,0,1,93,19,170.0,110.0,210.0
0,0,1,93,20,160.0,90.0,200.0
0,0,1,93,21,175.0,90.0,175.0
0,0,1,93,22,150.0,75.0,142.5
0,0,1,105,1,275.0,140.0,282.5
0,0,1,105,2,272.5,112.5,262.5
0,0,1,105,3,235.0,165.0,245.0
0,0,1,105,4,215.0,142.5,275.0
0,0,1,105,5,242.5,157.5,232.5
0,0,1,105,6,212.5,147.5,260.0
0,0,1,105,7,235.0,125.0,225.0
0,0,1,105,8,160.0,160.0,260.0
0,0,1,105,9,200.0,142.5,230.0
0,0,1,105,10,220.0,110.0,240.0
0,0,1,105,11,200.0,122.5,245.0
0,0,1,105,12,185.0,135.0,225.0
0,0,1,105,13,195.0,107.5,210.0
0,0,1,105,14,160.0,110.0,180.0
0,0,1,120,1,255.0,162.5,265.0
0,0,1,120,2,235.0,152.5,250.0
0,0,1,120,3,225.0,137.5,252.5
0,0,1,120,4,215.0,140.0,235.0
0,0,1,120,5,200.0,120.0,250.0
0,0,1,120,6,225.0,127.5,217.5
0,0,1,120,7,225.0,120.0,222.5
0,0,1,120,8,240.0,100.0,195.0
0,0,1,120,9,190.0,125.0,190.0
0,0,1,200,1,260.0,160.0,250.0
0,0,1,200,2,245.0,147.5,267.5
0,0,1,200,3,260.0,120.0,270.0
0,0,1,200,4,245.0,172.5,232.5
0,0,1,200,5,205.0,130.0,200.0
0,0,1,200,6,170.0,120.0,170.0
1,0,0,43,1,93.0,50.0,117.0
1,0,0,43,2,87.5,47.5,112.5
1,0,0,43,3,72.5,30.0,105.0
1,0,0,43,4,70.0,37.5,97.5
1,0,0,43,5,70.0,30.0,92.5
1,0,0,43,6,65.0,30.0,95.0
1,0,0,43,7,57.5,30.0,102.5
1,0,0,43,8,60.0,32.5,90.0
1,0,0,43,9,40.0,25.0,75.0
1,0,0,43,10,47.5,25.0,67.5
1,0,0,47,1,100.0,47.5,142.5
1,0,0,47,2,105.0,37.5,117.5
1,0,0,47,3,92.5,55.0,110.0
1,0,0,47,4,70.0,45.0,115.0
1,0,0,47,5,72.5,35.0,90.0
1,0,0,47,6,70.0,35.0,90.0
1,0,0,47,7,67.5,30.0,95.0
1,0,0,47,8,55.0,35.0,90.0
1,0,0,47,9,60.0,30.0,72.5
1,0,0,47,10,55.0,32.5,75.0
1,0,0,52,1,95.0,50.0,117.5
1,0,0,52,2,95.0,45.0,117.5
1,0,0,52,3,82.5,50.0,115.0
1,0,0,52,4,87.5,42.5,107.5
1,0,0,52,5,90.0,45.0,100.0
1,0,0,52,6,70.0,40.0,105.0
1,0,0,52,7,70.0,40.0,90.0
1,0,0,52,8,62.5,35.0,97.5
1,0,0,52,9,65.0,35.0,95.0
1,0,0,52,10,60.0,30.0,100.0
1,0,0,57,1,110.0,62.5,137.5
1,0,0,57,2,95.0,62.5,130.0
1,0,0,57,3,95.0,60.0,125.0
1,0,0,57,4,95.0,40.0,130.0
1,0,0,57,5,95.0,47.5,110.0
1,0,0,57,6,92.5,47.5,110.0
1,0,0,57,7,87.5,40.0,105.0
1,0,0,57,8,90.0,37.5,105.0
1,0,0,57,9,60.0,35.0,80.0
1,0,0,63,1,122.5,70.0,152.5
1,0,0,63,2,132.5,45.0,127.5
1,0,0,63,3,102.5,57.5,140.0
1,0,0,63,4,100.0,50.0,140.0
1,0,0,63,5,102.5,60.0,125.0
1,0,0,63,6,102.5,55.0,127.5
1,0,0,63,7,100.0,52.5,122.5
1,0,0,63,8,82.5,50.0,107.5
1,0,0,63,9,80.0,50.0,105.0
1,0,0,63,10,82.5,40.0,95.0
1,0,0,63,11,60.0,30.0,85.0
1,0,0,69,1,127.5,50.0,127.5
1,0,0,69,2,110.0,67.5,125.0
1,0,0,69,3,95.0,55.0,115.0
1,0,0,69,4,97.5,50.0,117.5
1,0,0,69,5,100.0,35.0,110.0
1,0,0,69,6,90.0,47.5,100.0
1,0,0,69,7,77.5,32.5,95.0
1,0,0,76,1,120.0,65.0,155.0
1,0,0,76,2,135.0,57.5,135.0
1,0,0,76,3,122.5,65.0,127.5
1,0,0,76,4,105.0,50.0,142.5
1,0,0,76,5,112.5,50.0,127.5
1,0,0,76,6,110.0,50.0,120.0
1,0,0,76,7,110.0,40.0,125.0
1,0,0,76,8,92.5,55.0,122.5
1,0,0,76,9,97.5,52.5,115.0
1,0,0,76,10,82.5,57.5,120.0
1,0,0,76,11,95.0,45.0,120.0
1,0,0,76,12,85.0,45.0,95.0
1,0,0,76,13,87.5,32.5,95.0
1,0,0,76,14,70.0,30.0,112.5
1,0,0,84,1,120.0,60.0,147.5
1,0,0,84,2,117.5,55.0,145.0
1,0,0,84,3,112.5,42.5,140.0
1,0,0,84,4,100.0,52.5,125.0
1,0,0,84,5,90.0,50.0,135.0
1,0,0,84,6,85.0,40.0,112.5
1,0,0,84,7,60.0,30.0,90.0
1,0,0,100,1,137.5,45.0,135.0
1,0,0,100,2,125.0,55.0,122.5
1,0,0,100,3,105.0,45.0,115.0
1,0,0,100,4,100.0,47.5,112.5
1,0,0,100,5,100.0,37.5,120.0
1,0,1,43,1,115.0,50.0,125.0
1,0,1,43,2,85.0,42.5,115.0
1,0,1,43,3,77.5,45.0,115.0
1,0,1,43,4,75.0,35.0,87.5
1,0,1,43,5,52.5,30.0,85.0
1,0,1,43,6,30.0,30.0,90.0
1,0,1,47,1,80.0,70.0,130.0
1,0,1,47,2,72.5,47.5,112.5
1,0,1,47,3,85.0,40.0,100.0
1,0,1,47,4,65.0,40.0,85.0
1,0,1,47,5,45.0,32.5,90.0
1,0,1,52,1,122.5,57.5,140.0
1,0,1,52,2,105.0,65.0,130.0
1,0,1,52,3,100.0,45.0,122.5
1,0,1,52,4,87.5,60.0,117.5
1,0,1,52,5,87.5,52.5,120.0
1,0,1,52,6,87.5,50.0,115.0
1,0,1,52,7,90.0,50.0,110.0
1,0,1,52,8,85.0,35.0,125.0
1,0,1,52,9,80.0,37.5,105.0
1,0,1,52,10,75.0,40.0,90.0
1,0,1,57,1,125.0,65.0,140.0
1,0,1,57,2,120.0,70.0,132.5
1,0,1,57,3,130.0,57.5,130.0
1,0,1,57,4,100.0,47.5,150.0
1,0,1,57,5,100.0,60.0,127.5
1,0,1,57,6,95.0,50.0,132.5
1,0,1,57,7,77.5,45.0,125.0
1,0,1,57,8,70.0,45.0,110.0
1,0,1,57,9,75.0,42.5,107.5
1,0,1,57,10,60.0,40.0,110.0
1,0,1,57,11,77.5,42.5,90.0
1,0,1,57,12,70.0,35.0,102.5
1,0,1,57,13,55.0,32.5,92.5
1,0,1,57,14,50.0,30.0,85.0
1,0,1,63,1,135.0,90.0,127.5
1,0,1,63,2,125.0,62.5,140.0
1,0,1,63,3,125.0,67.5,130.0
1,0,1,63,4,120.0,47.5,125.0
1,0,1,63,5,95.0,60.0,120.0
1,0,1,63,6,97.5,55.0,120.0
1,0,1,63,7,90.0,60.0,115.0
1,0,1,63,8,110.0,50.0,105.0
1,0,1,63,9,95.0,42.5,125.0
1,0,1,63,10,92.5,47.5,117.5
1,0,1,63,11,85.0,42.5,120.0
1,0,1,63,12,90.0,47.5,105.0
1,0,1,63,13,95.0,40.0,100.0
1,0,1,63,14,80.0,42.5,80.0
1,0,1,63,15,60.0,32.5,92.5
1,0,1,69,1,127.5,80.0,157.5
1,0,1,69,2,130.0,75.0,150.0
1,0,1,69,3,122.5,70.0,142.5
1,0,1,69,4,122.5,62.5,147.5
1,0,1,69,5,125.0,47.5,137.5
1,0,1,69,6,120.0,50.0,137.5
1,0,1,69,7,107.5,52.5,120.0
1,0,1,69,8,95.0,45.0,110.0
1,0,1,76,1,170.0,85.0,160.0
1,0,1,76,2,165.0,80.0,165.0
1,0,1,76,3,150.0,70.0,155.0
1,0,1,76,4,132.5,75.0,142.5
1,0,1,76,5,110.0,65.0,152.5
1,0,1,76,6,105.0,57.5,120.0
1,0,1,76,7,102.5,55.0,115.0
1,0,1,76,8,82.5,37.5,107.5
1,0,1,76,9,85.0,30.0,110.0
1,0,1,84,1,135.0,70.0,157.5
1,0,1,84,2,120.0,75.0,120.0
1,0,1,84,3,110.0,55.0,140.0
1,0,1,84,4,110.0,57.5,125.0
1,0,1,84,5,80.0,62.5,105.0
1,0,1,84,6,85.0,50.0,100.0
1,0,1,100,1,180.0,75.0,175.0
1,0,1,100,2,140.0,72.5,155.0
1,0,1,100,3,152.5,55.0,145.0
1,0,1,100,4,142.5,67.5,140.0
1,0,1,100,5,120.0,50.0,130.0
1,0,1,100,6,92.5,55.0,115.0
0,1,0,53,1,195.0,125.0,190.0
0,1,0,53,2,187.5,90.0,190.0
0,1,0,53,3,157.5,92.5,195.0
0,1,0,53,4,185.0,100.0,160.0
0,1,0,53,5,160.0,95.0,167.5
0,1,0,53,6,140.0,105.0,165.0
0,1,0,53,7,140.0,72.5,155.0
0,1,0,53,8,125.0,65.0,162.5
0,1,0,53,9,110.0,82.5,142.5
0,1,0,53,10,125.0,60.0,145.0
0,1,0,59,1,220.0,130.0,192.5
0,1,0,59,2,197.5,110.0,212.5
0,1,0,59,3,202.5,80.0,210.0
0,1,0,59,4,187.5,97.5,160.0
0,1,0,59,5,150.0,95.0,180.0
0,1,0,59,6,160.0,87.5,172.5
0,1,0,59,7,137.5,80.0,180.0
0,1,0,59,8,155.0,75.0,160.0
0,1,0,59,9,150.0,60.0,180.0
0,1,0,59,10,157.5,75.0,152.5
0,1,0,59,11,140.0,80.0,162.5
0,1,0,59,12,140.0,67.5,172.5
0,1,0,59,13,157.5,70.0,152.5
0,1,0,59,14,110.0,85.0,170.0
0,1,0,59,15,140.0,60.0,145.0
0,1,0,59,16,112.5,62.5,130.0
0,1,0,59,17,95.0,47.5,120.0
0,1,0,66,1,215.0,120.0,222.5
0,1,0,66,2,205.0,132.5,210.0
0,1,0,66,3,190.0,110.0,215.0
0,1,0,66,4,210.0,115.0,170.0
0,1,0,66,5,200.0,90.0,200.0
0,1,0,66,6,187.5,95.0,187.5
0,1,0,66,7,180.0,80.0,182.5
0,1,0,66,8,170.0,90.0,180.0
0,1,0,66,9,190.0,85.0,160.0
0,1,0,66,10,162.5,85.0,145.0
0,1,0,66,11,110.0,75.0,130.0
0,1,0,66,12,100.0,62.5,150.0
0,1,0,66,13,100.0,65.0,130.0
0,1,0,74,1,242.5,162.5,245.0
0,1,0,74,2,255.0,135.0,227.5
0,1,0,74,3,260.0,122.5,225.0
0,1,0,74,4,185.0,117.5,202.5
0,1,0,74,5,190.0,80.0,220.0
0,1,0,74,6,180.0,105.0,200.0
0,1,0,74,7,200.0,90.0,190.0
0,1,0,74,8,200.0,95.0,180.0
0,1,0,74,9,122.5,60.0,150.0
0,1,0,74,10,115.0,75.0,125.0
0,1,0,83,1,237.5,155.0,205.0
0,1,0,83,2,230.0,115.0,227.5
0,1,0,83,3,230.0,110.0,220.0
0,1,0,83,4,162.5,120.0,207.5
0,1,0,83,5,195.0,100.0,195.0
0,1,0,83,6,180.0,100.0,170.0
0,1,0,83,7,170.0,77.5,195.0
0,1,0,83,8,105.0,60.0,160.0
0,1,0,93,1,265.0,120.0,235.0
0,1,0,93,2,245.0,145.0,210.0
0,1,0,93,3,207.5,130.0,185.0
0,1,0,93,4,180.0,110.0,185.0
0,1,0,93,5,175.0,100.0,187.5
0,1,0,93,6,200.0,75.0,180.0
0,1,0,93,7,177.5,90.0,175.0
0,1,0,93,8,165.0,72.5,165.0
0,1,0,93,9,152.5,87.5,155.0
0,1,0,105,1,280.0,135.0,252.5
0,1,0,105,2,260.0,155.0,222.5
0,1,0,105,3,210.0,182.5,220.0
0,1,0,105,4,200.0,160.0,235.0
0,1,0,105,5,242.5,122.5,225.0
0,1,0,105,6,212.5,152.5,220.0
0,1,0,105,7,207.5,97.5,195.0
0,1,0,105,8,190.0,130.0,170.0
0,1,0,105,9,170.0,90.0,165.0
0,1,0,120,1,320.0,160.0,275.0
0,1,0,120,2,292.5,162.5,260.0
0,1,0,120,3,225.0,185.0,195.0
0,1,0,120,4,237.5,170.0,192.5
0,1,0,120,5,240.0,145.0,202.5
0,1,0,120,6,240.0,87.5,202.5
0,1,0,120,7,205.0,107.5,180.0
0,1,0,120,8,197.5,92.5,195.0
0,1,0,200,1,320.0,150.0,250.0
0,1,0,200,2,240.0,115.0,217.5
0,1,0,200,3,215.0,142.5,212.5
0,1,0,200,4,210.0,115.0,237.5
0,1,0,200,5,180.0,117.5,190.0
0,1,1,53,1,187.5,125.0,185.0
0,1,1,53,2,180.0,90.0,175.0
0,1,1,53,3,170.0,95.0,180.0
0,1,1,53,4,160.0,95.0,187.5
0,1,1,53,5,157.5,87.5,175.0
0,1,1,53,6,145.0,95.0,160.0
0,1,1,53,7,125.0,60.0,137.5
0,1,1,59,1,245.0,125.0,242.5
0,1,1,59,2,232.5,125.0,202.5
0,1,1,59,3,212.5,122.5,207.5
0,1,1,59,4,205.0,105.0,215.0
0,1,1,59,5,212.5,120.0,190.0
0,1,1,59,6,190.0,112.5,210.0
0,1,1,59,7,185.0,120.0,200.0
0,1,1,59,8,190.0,102.5,202.5
0,1,1,59,9,185.0,97.5,192.5
0,1,1,59,10,170.0,115.0,180.0
0,1,1,59,11,170.0,127.5,130.0
0,1,1,59,12,150.0,70.0,175.0
0,1,1,59,13,105.0,80.0,140.0
0,1,1,66,1,235.0,165.0,252.5
0,1,1,66,2,260.0,157.5,232.5
0,1,1,66,3,230.0,140.0,245.0
0,1,1,66,4,227.5,135.0,225.0
0,1,1,66,5,210.0,130.0,210.0
0,1,1,66,6,220.0,120.0,205.0
0,1,1,66,7,210.0,125.0,210.0
0,1,1,66,8,190.0,97.5,220.0
0,1,1,66,9,180.0,110.0,215.0
0,1,1,66,10,160.0,155.0,160.0
0,1,1,66,11,170.0,110.0,175.0
0,1,1,66,12,115.0,80.0,162.5
0,1,1,74,1,270.0,160.0,270.0
0,1,1,74,2,265.0,172.5,242.5
0,1,1,74,3,245.0,130.0,257.5
0,1,1,74,4,240.0,140.0,250.0
0,1,1,74,5,247.5,137.5,235.0
0,1,1,74,6,235.0,130.0,245.0
0,1,1,74,7,222.5,155.0,210.0
0,1,1,74,8,220.0,122.5,242.5
0,1,1,74,9,215.0,105.0,190.0
0,1,1,74,10,185.0,105.0,175.0
0,1,1,74,11,150.0,115.0,180.0
0,1,1,74,12,125.0,60.0,150.0
0,1,1,83,1,317.5,180.0,285.0
0,1,1,83,2,290.0,190.0,275.0
0,1,1,83,3,270.0,192.5,270.0
0,1,1,83,4,285.0,177.5,265.0
0,1,1,83,5,290.0,182.5,252.5
0,1,1,83,6,275.0,190.0,260.0
0,1,1,83,7,275.0,152.5,262.5
0,1,1,83,8,262.5,160.0,252.5
0,1,1,83,9,250.0,175.0,240.0
0,1,1,83,10,247.5,147.5,242.5
0,1,1,83,11,175.0,95.0,205.0
0,1,1,83,12,180.0,102.5,172.5
0,1,1,83,13,165.0,95.0,175.0
0,1,1,83,14,140.0,115.0,170.0
0,1,1,83,15,152.5,92.5,150.0
0,1,1,93,1,322.5,190.0,250.0
0,1,1,93,2,292.5,165.0,290.0
0,1,1,93,3,280.0,167.5,242.5
0,1,1,93,4,250.0,187.5,250.0
0,1,1,93,5,275.0,182.5,230.0
0,1,1,93,6,265.0,170.0,252.5
0,1,1,93,7,280.0,142.5,250.0
0,1,1,93,8,262.5,185.0,220.0
0,1,1,93,9,250.0,170.0,240.0
0,1,1,93,10,237.5,147.5,235.0
0,1,1,93,11,220.0,165.0,190.0
0,1,1,93,12,200.0,155.0,195.0
0,1,1,93,13,205.0,110.0,150.0
0,1,1,93,14,160.0,97.5,167.5
0,1,1,93,15,127.5,97.5,165.0
0,1,1,105,1,312.5,197.5,260.0
0,1,1,105,2,335.0,145.0,270.0
0,1,1,105,3,280.0,167.5,275.0
0,1,1,105,4,295.0,155.0,265.0
0,1,1,105,5,280.0,157.5,255.0
0,1,1,105,6,300.0,152.5,235.0
0,1,1,105,7,275.0,145.0,255.0
0,1,1,105,8,290.0,137.5,245.0
0,1,1,105,9,275.0,157.5,230.0
0,1,1,105,10,252.5,170.0,240.0
0,1,1,105,11,275.0,157.5,220.0
0,1,1,105,12,285.0,155.0,210.0
0,1,1,105,13,225.0,145.0,235.0
0,1,1,105,14,212.5,117.5,205.0
0,1,1,120,1,365.0,190.0,292.5
0,1,1,120,2,320.0,197.5,305.0
0,1,1,120,3,285.0,210.0,287.5
0,1,1,120,4,325.0,175.0,277.5
0,1,1,120,5,300.0,182.5,290.0
0,1,1,120,6,320.0,195.0,240.0
0,1,1,120,7,290.0,145.0,242.5
0,1,1,120,8,295.0,150.0,230.0
0,1,1,120,9,280.0,155.0,220.0
0,1,1,200,1,350.0,200.0,302.5
0,1,1,200,2,352.5,205.0,292.5
0,1,1,200,3,330.0,215.0,285.0
0,1,1,200,4,300.0,170.0,270.0
1,1,0,43,1,107.5,45.0,112.5
1,1,0,43,2,100.0,50.0,105.0
1,1,0,43,3,110.0,35.0,90.0
1,1,0,43,4,80.0,42.5,95.0
1,1,0,43,5,92.5,25.0,90.0
1,1,0,43,6,77.5,30.0,100.0
1,1,0,43,7,75.0,35.0,95.0
1,1,0,43,8,80.0,25.0,90.0
1,1,0,43,9,70.0,35.0,85.0
1,1,0,43,10,60.0,32.5,77.5
1,1,0,43,11,52.5,27.5,70.0
1,1,0,47,1,130.0,57.5,130.0
1,1,0,47,2,127.5,47.5,117.5
1,1,0,47,3,120.0,55.0,115.0
1,1,0,47,4,100.0,50.0,107.5
1,1,0,47,5,90.0,45.0,110.0
1,1,0,47,6,90.0,47.5,102.5
1,1,0,52,1,130.0,60.0,125.0
1,1,0,52,2,117.5,57.5,110.0
1,1,0,52,3,107.5,50.0,105.0
1,1,0,52,4,95.0,42.5,107.5
1,1,0,52,5,70.0,35.0,112.5
1,1,0,52,6,60.0,50.0,90.0
1,1,0,52,7,70.0,37.5,90.0
1,1,0,52,8,70.0,30.0,85.0
1,1,0,57,1,140.0,75.0,145.0
1,1,0,57,2,130.0,65.0,125.0
1,1,0,57,3,115.0,65.0,130.0
1,1,0,57,4,127.5,40.0,137.5
1,1,0,57,5,127.5,45.0,107.5
1,1,0,57,6,127.5,40.0,112.5
1,1,0,57,7,102.5,45.0,105.0
1,1,0,57,8,87.5,50.0,102.5
1,1,0,57,9,50.0,37.5,90.0
1,1,0,63,1,140.0,70.0,140.0
1,1,0,63,2,140.0,57.5,145.0
1,1,0,63,3,140.0,57.5,142.5
1,1,0,63,4,147.5,70.0,115.0
1,1,0,63,5,132.5,60.0,127.5
1,1,0,63,6,117.5,50.0,125.0
1,1,0,63,7,120.0,55.0,110.0
1,1,0,63,8,95.0,35.0,105.0
1,1,0,69,1,182.5,85.0,155.0
1,1,0,69,2,167.5,72.5,162.5
1,1,0,69,3,155.0,65.0,165.0
1,1,0,69,4,155.0,67.5,125.0
1,1,0,69,5,120.0,37.5,120.0
1,1,0,69,6,102.5,50.0,105.0
1,1,0,69,7,105.0,45.0,100.0
1,1,0,69,8,95.0,40.0,105.0
1,1,0,76,1,195.0,80.0,170.0
1,1,0,76,2,182.5,85.0,160.0
1,1,0,76,3,160.0,77.5,137.5
1,1,0,76,4,152.5,70.0,132.5
1,1,0,76,5,140.0,57.5,140.0
1,1,0,76,6,150.0,50.0,130.0
1,1,0,76,7,142.5,50.0,122.5
1,1,0,76,8,127.5,60.0,115.0
1,1,0,84,1,160.0,67.5,140.0
1,1,0,84,2,137.5,62.5,152.5
1,1,0,84,3,125.0,60.0,135.0
1,1,0,100,1,165.0,82.5,145.0
1,1,0,100,2,175.0,52.5,150.0
1,1,0,100,3,142.5,90.0,120.0
1,1,0,100,4,135.0,52.5,110.0
1,1,0,100,5,115.0,42.5,120.0
1,1,1,43,1,110.0,52.5,120.0
1,1,1,43,2,115.0,40.0,120.0
1,1,1,43,3,85.0,50.0,80.0
1,1,1,43,4,85.0,30.0,90.0
1,1,1,43,5,65.0,32.5,75.0
1,1,1,47,1,155.0,85.0,145.0
1,1,1,47,2,152.5,67.5,127.5
1,1,1,47,3,135.0,57.5,135.0
1,1,1,47,4,117.5,62.5,115.0
1,1,1,47,5,110.0,45.0,95.0
1,1,1,47,6,80.0,37.5,95.0
1,1,1,47,7,82.5,35.0,80.0
1,1,1,52,1,160.0,72.5,150.0
1,1,1,52,2,155.0,82.5,130.0
1,1,1,52,3,132.5,60.0,132.5
1,1,1,52,4,120.0,45.0,120.0
1,1,1,52,5,92.5,40.0,110.0
1,1,1,52,6,70.0,40.0,87.5
1,1,1,57,1,180.0,82.5,175.0
1,1,1,57,2,185.0,75.0,167.5
1,1,1,57,3,172.5,87.5,165.0
1,1,1,57,4,167.5,82.5,145.0
1,1,1,57,5,165.0,80.0,140.0
1,1,1,57,6,147.5,85.0,130.0
1,1,1,57,7,130.0,60.0,140.0
1,1,1,57,8,127.5,50.0,152.5
1,1,1,57,9,122.5,55.0,127.5
1,1,1,57,10,110.0,70.0,115.0
1,1,1,57,11,115.0,50.0,120.0
1,1,1,57,12,105.0,42.5,122.5
1,1,1,63,1,195.0,92.5,160.0
1,1,1,63,2,170.0,82.5,172.5
1,1,1,63,3,175.0,82.5,155.0
1,1,1,63,4,170.0,77.5,135.0
1,1,1,63,5,170.0,57.5,135.0
1,1,1,63,6,145.0,90.0,125.0
1,1,1,63,7,137.5,67.5,140.0
1,1,1,63,8,142.5,65.0,125.0
1,1,1,63,9,120.0,50.0,145.0
1,1,1,63,10,135.0,45.0,125.0
1,1,1,63,11,105.0,57.5,120.0
1,1,1,63,12,95.0,45.0,97.5
1,1,1,69,1,155.0,107.5,167.5
1,1,1,69,2,180.0,87.5,140.0
1,1,1,69,3,155.0,87.5,142.5
1,1,1,76,1,220.0,135.0,185.0
1,1,1,76,2,200.0,122.5,170.0
1,1,1,76,3,205.0,80.0,195.0
1,1,1,76,4,210.0,105.0,145.0
1,1,1,76,5,210.0,85.0,150.0
1,1,1,76,6,140.0,70.0,120.0
1,1,1,84,1,200.0,102.5,170.0
1,1,1,84,2,190.0,97.5,150.0
1,1,1,84,3,165.0,70.0,165.0
1,1,1,84,4,150.0,80.0,150.0
1,1,1,84,5,130.0,102.5,127.5
1,1,1,84,6,150.0,45.0,130.0
1,1,1,100,1,210.0,105.0,185.0
1,1,1,100,2,215.0,75.0,202.5
1,1,1,100,3,167.5,82.5,135.0
1,1,1,100,4,155.0,80.0,145.0
1,1,1,100,5,172.5,67.5,120.0
1,1,1,100,6,142.5,62.5,125.0
1,1,1,100,7,135.0,55.0,120.0
1,1,1,100,8,115.0,62.5,90.0
